--
-- PostgreSQL database dump
--

-- Dumped from database version 15.12 (Debian 15.12-1.pgdg120+1)
-- Dumped by pg_dump version 15.12 (Debian 15.12-1.pgdg120+1)

SET statement_timeout = 0;
SET lock_timeout = 0;
SET idle_in_transaction_session_timeout = 0;
SET client_encoding = 'UTF8';
SET standard_conforming_strings = on;
SELECT pg_catalog.set_config('search_path', '', false);
SET check_function_bodies = false;
SET xmloption = content;
SET client_min_messages = warning;
SET row_security = off;

--
-- Name: pgcrypto; Type: EXTENSION; Schema: -; Owner: -
--

CREATE EXTENSION IF NOT EXISTS pgcrypto WITH SCHEMA public;


--
-- Name: EXTENSION pgcrypto; Type: COMMENT; Schema: -; Owner: 
--

COMMENT ON EXTENSION pgcrypto IS 'cryptographic functions';


SET default_tablespace = '';

SET default_table_access_method = heap;

--
-- Name: auth_group; Type: TABLE; Schema: public; Owner: jai_user
--

CREATE TABLE public.auth_group (
    id integer NOT NULL,
    name character varying(150) NOT NULL
);


ALTER TABLE public.auth_group OWNER TO jai_user;

--
-- Name: auth_group_id_seq; Type: SEQUENCE; Schema: public; Owner: jai_user
--

ALTER TABLE public.auth_group ALTER COLUMN id ADD GENERATED BY DEFAULT AS IDENTITY (
    SEQUENCE NAME public.auth_group_id_seq
    START WITH 1
    INCREMENT BY 1
    NO MINVALUE
    NO MAXVALUE
    CACHE 1
);


--
-- Name: auth_group_permissions; Type: TABLE; Schema: public; Owner: jai_user
--

CREATE TABLE public.auth_group_permissions (
    id bigint NOT NULL,
    group_id integer NOT NULL,
    permission_id integer NOT NULL
);


ALTER TABLE public.auth_group_permissions OWNER TO jai_user;

--
-- Name: auth_group_permissions_id_seq; Type: SEQUENCE; Schema: public; Owner: jai_user
--

ALTER TABLE public.auth_group_permissions ALTER COLUMN id ADD GENERATED BY DEFAULT AS IDENTITY (
    SEQUENCE NAME public.auth_group_permissions_id_seq
    START WITH 1
    INCREMENT BY 1
    NO MINVALUE
    NO MAXVALUE
    CACHE 1
);


--
-- Name: auth_permission; Type: TABLE; Schema: public; Owner: jai_user
--

CREATE TABLE public.auth_permission (
    id integer NOT NULL,
    name character varying(255) NOT NULL,
    content_type_id integer NOT NULL,
    codename character varying(100) NOT NULL
);


ALTER TABLE public.auth_permission OWNER TO jai_user;

--
-- Name: auth_permission_id_seq; Type: SEQUENCE; Schema: public; Owner: jai_user
--

ALTER TABLE public.auth_permission ALTER COLUMN id ADD GENERATED BY DEFAULT AS IDENTITY (
    SEQUENCE NAME public.auth_permission_id_seq
    START WITH 1
    INCREMENT BY 1
    NO MINVALUE
    NO MAXVALUE
    CACHE 1
);


--
-- Name: blog_adjunto; Type: TABLE; Schema: public; Owner: jai_user
--

CREATE TABLE public.blog_adjunto (
    url character varying(255) NOT NULL,
    tipo character varying(50) NOT NULL,
    descripcion text,
    orden integer NOT NULL,
    fecha_subida timestamp with time zone NOT NULL,
    created_at timestamp with time zone NOT NULL,
    updated_at timestamp with time zone NOT NULL,
    articulo_id bigint NOT NULL,
    id uuid NOT NULL
);


ALTER TABLE public.blog_adjunto OWNER TO jai_user;

--
-- Name: blog_articulo; Type: TABLE; Schema: public; Owner: jai_user
--

CREATE TABLE public.blog_articulo (
    titulo character varying(255) NOT NULL,
    subtitulo character varying(255),
    contenido text NOT NULL,
    resumen text,
    slug character varying(255) NOT NULL,
    fecha_publicacion timestamp with time zone,
    fecha_actualizacion timestamp with time zone NOT NULL,
    tiempo_lectura integer,
    estado character varying(20) NOT NULL,
    imagen_portada_url character varying(255),
    visitas integer NOT NULL,
    destacado boolean NOT NULL,
    created_at timestamp with time zone NOT NULL,
    updated_at timestamp with time zone NOT NULL,
    autor_id bigint,
    id uuid NOT NULL
);


ALTER TABLE public.blog_articulo OWNER TO jai_user;

--
-- Name: blog_articulocategoria; Type: TABLE; Schema: public; Owner: jai_user
--

CREATE TABLE public.blog_articulocategoria (
    es_principal boolean NOT NULL,
    orden integer NOT NULL,
    fecha_asociacion timestamp with time zone NOT NULL,
    articulo_id bigint NOT NULL,
    categoria_id bigint NOT NULL,
    id uuid NOT NULL
);


ALTER TABLE public.blog_articulocategoria OWNER TO jai_user;

--
-- Name: blog_articuloetiqueta; Type: TABLE; Schema: public; Owner: jai_user
--

CREATE TABLE public.blog_articuloetiqueta (
    relevancia double precision NOT NULL,
    fecha_asociacion timestamp with time zone NOT NULL,
    articulo_id bigint NOT NULL,
    etiqueta_id bigint NOT NULL,
    id uuid NOT NULL
);


ALTER TABLE public.blog_articuloetiqueta OWNER TO jai_user;

--
-- Name: blog_articulorelacionado; Type: TABLE; Schema: public; Owner: jai_user
--

CREATE TABLE public.blog_articulorelacionado (
    tipo_relacion character varying(50) NOT NULL,
    orden integer NOT NULL,
    created_at timestamp with time zone NOT NULL,
    updated_at timestamp with time zone NOT NULL,
    articulo_destino_id bigint NOT NULL,
    articulo_origen_id bigint NOT NULL,
    id uuid NOT NULL
);


ALTER TABLE public.blog_articulorelacionado OWNER TO jai_user;

--
-- Name: blog_categoria; Type: TABLE; Schema: public; Owner: jai_user
--

CREATE TABLE public.blog_categoria (
    nombre character varying(100) NOT NULL,
    slug character varying(100) NOT NULL,
    descripcion text,
    icono character varying(50),
    color character varying(20),
    orden integer NOT NULL,
    created_at timestamp with time zone NOT NULL,
    updated_at timestamp with time zone NOT NULL,
    parent_id bigint,
    id uuid NOT NULL
);


ALTER TABLE public.blog_categoria OWNER TO jai_user;

--
-- Name: blog_comentario; Type: TABLE; Schema: public; Owner: jai_user
--

CREATE TABLE public.blog_comentario (
    contenido text NOT NULL,
    fecha timestamp with time zone NOT NULL,
    estado character varying(20) NOT NULL,
    created_at timestamp with time zone NOT NULL,
    updated_at timestamp with time zone NOT NULL,
    articulo_id bigint NOT NULL,
    parent_id bigint,
    usuario_id bigint,
    id uuid NOT NULL
);


ALTER TABLE public.blog_comentario OWNER TO jai_user;

--
-- Name: blog_etiqueta; Type: TABLE; Schema: public; Owner: jai_user
--

CREATE TABLE public.blog_etiqueta (
    nombre character varying(100) NOT NULL,
    slug character varying(100) NOT NULL,
    descripcion text,
    tipo character varying(50),
    created_at timestamp with time zone NOT NULL,
    updated_at timestamp with time zone NOT NULL,
    id uuid NOT NULL
);


ALTER TABLE public.blog_etiqueta OWNER TO jai_user;

--
-- Name: blog_historiallectura; Type: TABLE; Schema: public; Owner: jai_user
--

CREATE TABLE public.blog_historiallectura (
    fecha_acceso timestamp with time zone NOT NULL,
    tiempo_lectura integer,
    completado boolean NOT NULL,
    created_at timestamp with time zone NOT NULL,
    updated_at timestamp with time zone NOT NULL,
    articulo_id bigint NOT NULL,
    usuario_id bigint NOT NULL,
    id uuid NOT NULL
);


ALTER TABLE public.blog_historiallectura OWNER TO jai_user;

--
-- Name: blog_metadatoseo; Type: TABLE; Schema: public; Owner: jai_user
--

CREATE TABLE public.blog_metadatoseo (
    meta_titulo character varying(255),
    meta_descripcion character varying(255),
    palabras_clave text,
    schema_markup text,
    og_image character varying(255),
    created_at timestamp with time zone NOT NULL,
    updated_at timestamp with time zone NOT NULL,
    articulo_id bigint NOT NULL,
    id uuid NOT NULL
);


ALTER TABLE public.blog_metadatoseo OWNER TO jai_user;

--
-- Name: blog_newsletter; Type: TABLE; Schema: public; Owner: jai_user
--

CREATE TABLE public.blog_newsletter (
    email character varying(254) NOT NULL,
    nombre character varying(100),
    fecha_subscripcion timestamp with time zone NOT NULL,
    token_confirmacion character varying(100),
    confirmado boolean NOT NULL,
    preferencias jsonb NOT NULL,
    frecuencia character varying(10) NOT NULL,
    created_at timestamp with time zone NOT NULL,
    updated_at timestamp with time zone NOT NULL,
    id uuid NOT NULL
);


ALTER TABLE public.blog_newsletter OWNER TO jai_user;

--
-- Name: blog_versionarticulo; Type: TABLE; Schema: public; Owner: jai_user
--

CREATE TABLE public.blog_versionarticulo (
    contenido text NOT NULL,
    fecha_version timestamp with time zone NOT NULL,
    motivo_cambio character varying(255),
    created_at timestamp with time zone NOT NULL,
    articulo_id bigint NOT NULL,
    usuario_id bigint,
    id uuid NOT NULL
);


ALTER TABLE public.blog_versionarticulo OWNER TO jai_user;

--
-- Name: blog_votoarticulo; Type: TABLE; Schema: public; Owner: jai_user
--

CREATE TABLE public.blog_votoarticulo (
    puntuacion integer NOT NULL,
    fecha timestamp with time zone NOT NULL,
    created_at timestamp with time zone NOT NULL,
    updated_at timestamp with time zone NOT NULL,
    articulo_id bigint NOT NULL,
    usuario_id bigint NOT NULL,
    id uuid NOT NULL
);


ALTER TABLE public.blog_votoarticulo OWNER TO jai_user;

--
-- Name: django_admin_log; Type: TABLE; Schema: public; Owner: jai_user
--

CREATE TABLE public.django_admin_log (
    id integer NOT NULL,
    action_time timestamp with time zone NOT NULL,
    object_id text,
    object_repr character varying(200) NOT NULL,
    action_flag smallint NOT NULL,
    change_message text NOT NULL,
    content_type_id integer,
    user_id bigint NOT NULL,
    CONSTRAINT django_admin_log_action_flag_check CHECK ((action_flag >= 0))
);


ALTER TABLE public.django_admin_log OWNER TO jai_user;

--
-- Name: django_admin_log_id_seq; Type: SEQUENCE; Schema: public; Owner: jai_user
--

ALTER TABLE public.django_admin_log ALTER COLUMN id ADD GENERATED BY DEFAULT AS IDENTITY (
    SEQUENCE NAME public.django_admin_log_id_seq
    START WITH 1
    INCREMENT BY 1
    NO MINVALUE
    NO MAXVALUE
    CACHE 1
);


--
-- Name: django_content_type; Type: TABLE; Schema: public; Owner: jai_user
--

CREATE TABLE public.django_content_type (
    id integer NOT NULL,
    app_label character varying(100) NOT NULL,
    model character varying(100) NOT NULL
);


ALTER TABLE public.django_content_type OWNER TO jai_user;

--
-- Name: django_content_type_id_seq; Type: SEQUENCE; Schema: public; Owner: jai_user
--

ALTER TABLE public.django_content_type ALTER COLUMN id ADD GENERATED BY DEFAULT AS IDENTITY (
    SEQUENCE NAME public.django_content_type_id_seq
    START WITH 1
    INCREMENT BY 1
    NO MINVALUE
    NO MAXVALUE
    CACHE 1
);


--
-- Name: django_migrations; Type: TABLE; Schema: public; Owner: jai_user
--

CREATE TABLE public.django_migrations (
    id bigint NOT NULL,
    app character varying(255) NOT NULL,
    name character varying(255) NOT NULL,
    applied timestamp with time zone NOT NULL
);


ALTER TABLE public.django_migrations OWNER TO jai_user;

--
-- Name: django_migrations_id_seq; Type: SEQUENCE; Schema: public; Owner: jai_user
--

ALTER TABLE public.django_migrations ALTER COLUMN id ADD GENERATED BY DEFAULT AS IDENTITY (
    SEQUENCE NAME public.django_migrations_id_seq
    START WITH 1
    INCREMENT BY 1
    NO MINVALUE
    NO MAXVALUE
    CACHE 1
);


--
-- Name: django_session; Type: TABLE; Schema: public; Owner: jai_user
--

CREATE TABLE public.django_session (
    session_key character varying(40) NOT NULL,
    session_data text NOT NULL,
    expire_date timestamp with time zone NOT NULL
);


ALTER TABLE public.django_session OWNER TO jai_user;

--
-- Name: users_contactform; Type: TABLE; Schema: public; Owner: jai_user
--

CREATE TABLE public.users_contactform (
    id bigint NOT NULL,
    name character varying(255) NOT NULL,
    email character varying(254) NOT NULL,
    message text NOT NULL,
    created_at timestamp with time zone NOT NULL
);


ALTER TABLE public.users_contactform OWNER TO jai_user;

--
-- Name: users_contactform_id_seq; Type: SEQUENCE; Schema: public; Owner: jai_user
--

ALTER TABLE public.users_contactform ALTER COLUMN id ADD GENERATED BY DEFAULT AS IDENTITY (
    SEQUENCE NAME public.users_contactform_id_seq
    START WITH 1
    INCREMENT BY 1
    NO MINVALUE
    NO MAXVALUE
    CACHE 1
);


--
-- Name: users_permiso; Type: TABLE; Schema: public; Owner: jai_user
--

CREATE TABLE public.users_permiso (
    id bigint NOT NULL,
    codigo character varying(100) NOT NULL,
    nombre character varying(100) NOT NULL,
    descripcion text
);


ALTER TABLE public.users_permiso OWNER TO jai_user;

--
-- Name: users_permiso_id_seq; Type: SEQUENCE; Schema: public; Owner: jai_user
--

ALTER TABLE public.users_permiso ALTER COLUMN id ADD GENERATED BY DEFAULT AS IDENTITY (
    SEQUENCE NAME public.users_permiso_id_seq
    START WITH 1
    INCREMENT BY 1
    NO MINVALUE
    NO MAXVALUE
    CACHE 1
);


--
-- Name: users_rol; Type: TABLE; Schema: public; Owner: jai_user
--

CREATE TABLE public.users_rol (
    id bigint NOT NULL,
    nombre character varying(50) NOT NULL,
    descripcion text,
    nivel_prioridad integer NOT NULL
);


ALTER TABLE public.users_rol OWNER TO jai_user;

--
-- Name: users_rol_id_seq; Type: SEQUENCE; Schema: public; Owner: jai_user
--

ALTER TABLE public.users_rol ALTER COLUMN id ADD GENERATED BY DEFAULT AS IDENTITY (
    SEQUENCE NAME public.users_rol_id_seq
    START WITH 1
    INCREMENT BY 1
    NO MINVALUE
    NO MAXVALUE
    CACHE 1
);


--
-- Name: users_rolpermiso; Type: TABLE; Schema: public; Owner: jai_user
--

CREATE TABLE public.users_rolpermiso (
    id bigint NOT NULL,
    permiso_id bigint NOT NULL,
    rol_id bigint NOT NULL
);


ALTER TABLE public.users_rolpermiso OWNER TO jai_user;

--
-- Name: users_rolpermiso_id_seq; Type: SEQUENCE; Schema: public; Owner: jai_user
--

ALTER TABLE public.users_rolpermiso ALTER COLUMN id ADD GENERATED BY DEFAULT AS IDENTITY (
    SEQUENCE NAME public.users_rolpermiso_id_seq
    START WITH 1
    INCREMENT BY 1
    NO MINVALUE
    NO MAXVALUE
    CACHE 1
);


--
-- Name: users_user; Type: TABLE; Schema: public; Owner: jai_user
--

CREATE TABLE public.users_user (
    id bigint NOT NULL,
    password character varying(128) NOT NULL,
    last_login timestamp with time zone,
    is_superuser boolean NOT NULL,
    username character varying(150) NOT NULL,
    first_name character varying(150) NOT NULL,
    last_name character varying(150) NOT NULL,
    email character varying(254) NOT NULL,
    is_staff boolean NOT NULL,
    is_active boolean NOT NULL,
    date_joined timestamp with time zone NOT NULL,
    avatar_url character varying(255),
    biografia text,
    estado character varying(20) NOT NULL,
    phone character varying(20),
    company character varying(100)
);


ALTER TABLE public.users_user OWNER TO jai_user;

--
-- Name: users_user_groups; Type: TABLE; Schema: public; Owner: jai_user
--

CREATE TABLE public.users_user_groups (
    id bigint NOT NULL,
    user_id bigint NOT NULL,
    group_id integer NOT NULL
);


ALTER TABLE public.users_user_groups OWNER TO jai_user;

--
-- Name: users_user_groups_id_seq; Type: SEQUENCE; Schema: public; Owner: jai_user
--

ALTER TABLE public.users_user_groups ALTER COLUMN id ADD GENERATED BY DEFAULT AS IDENTITY (
    SEQUENCE NAME public.users_user_groups_id_seq
    START WITH 1
    INCREMENT BY 1
    NO MINVALUE
    NO MAXVALUE
    CACHE 1
);


--
-- Name: users_user_id_seq; Type: SEQUENCE; Schema: public; Owner: jai_user
--

ALTER TABLE public.users_user ALTER COLUMN id ADD GENERATED BY DEFAULT AS IDENTITY (
    SEQUENCE NAME public.users_user_id_seq
    START WITH 1
    INCREMENT BY 1
    NO MINVALUE
    NO MAXVALUE
    CACHE 1
);


--
-- Name: users_user_user_permissions; Type: TABLE; Schema: public; Owner: jai_user
--

CREATE TABLE public.users_user_user_permissions (
    id bigint NOT NULL,
    user_id bigint NOT NULL,
    permission_id integer NOT NULL
);


ALTER TABLE public.users_user_user_permissions OWNER TO jai_user;

--
-- Name: users_user_user_permissions_id_seq; Type: SEQUENCE; Schema: public; Owner: jai_user
--

ALTER TABLE public.users_user_user_permissions ALTER COLUMN id ADD GENERATED BY DEFAULT AS IDENTITY (
    SEQUENCE NAME public.users_user_user_permissions_id_seq
    START WITH 1
    INCREMENT BY 1
    NO MINVALUE
    NO MAXVALUE
    CACHE 1
);


--
-- Name: users_usuariorol; Type: TABLE; Schema: public; Owner: jai_user
--

CREATE TABLE public.users_usuariorol (
    id bigint NOT NULL,
    fecha_asignacion timestamp with time zone NOT NULL,
    rol_id bigint NOT NULL,
    usuario_id bigint NOT NULL
);


ALTER TABLE public.users_usuariorol OWNER TO jai_user;

--
-- Name: users_usuariorol_id_seq; Type: SEQUENCE; Schema: public; Owner: jai_user
--

ALTER TABLE public.users_usuariorol ALTER COLUMN id ADD GENERATED BY DEFAULT AS IDENTITY (
    SEQUENCE NAME public.users_usuariorol_id_seq
    START WITH 1
    INCREMENT BY 1
    NO MINVALUE
    NO MAXVALUE
    CACHE 1
);


--
-- Name: users_whatsapprequest; Type: TABLE; Schema: public; Owner: jai_user
--

CREATE TABLE public.users_whatsapprequest (
    id bigint NOT NULL,
    phone_number character varying(15) NOT NULL,
    message text NOT NULL,
    "timestamp" timestamp with time zone NOT NULL
);


ALTER TABLE public.users_whatsapprequest OWNER TO jai_user;

--
-- Name: users_whatsapprequest_id_seq; Type: SEQUENCE; Schema: public; Owner: jai_user
--

ALTER TABLE public.users_whatsapprequest ALTER COLUMN id ADD GENERATED BY DEFAULT AS IDENTITY (
    SEQUENCE NAME public.users_whatsapprequest_id_seq
    START WITH 1
    INCREMENT BY 1
    NO MINVALUE
    NO MAXVALUE
    CACHE 1
);


--
-- Data for Name: auth_group; Type: TABLE DATA; Schema: public; Owner: jai_user
--

COPY public.auth_group (id, name) FROM stdin;
\.


--
-- Data for Name: auth_group_permissions; Type: TABLE DATA; Schema: public; Owner: jai_user
--

COPY public.auth_group_permissions (id, group_id, permission_id) FROM stdin;
\.


--
-- Data for Name: auth_permission; Type: TABLE DATA; Schema: public; Owner: jai_user
--

COPY public.auth_permission (id, name, content_type_id, codename) FROM stdin;
1	Can add log entry	1	add_logentry
2	Can change log entry	1	change_logentry
3	Can delete log entry	1	delete_logentry
4	Can view log entry	1	view_logentry
5	Can add permission	2	add_permission
6	Can change permission	2	change_permission
7	Can delete permission	2	delete_permission
8	Can view permission	2	view_permission
9	Can add group	3	add_group
10	Can change group	3	change_group
11	Can delete group	3	delete_group
12	Can view group	3	view_group
13	Can add content type	4	add_contenttype
14	Can change content type	4	change_contenttype
15	Can delete content type	4	delete_contenttype
16	Can view content type	4	view_contenttype
17	Can add session	5	add_session
18	Can change session	5	change_session
19	Can delete session	5	delete_session
20	Can view session	5	view_session
21	Can add Permiso	6	add_permiso
22	Can change Permiso	6	change_permiso
23	Can delete Permiso	6	delete_permiso
24	Can view Permiso	6	view_permiso
25	Can add Rol	7	add_rol
26	Can change Rol	7	change_rol
27	Can delete Rol	7	delete_rol
28	Can view Rol	7	view_rol
29	Can add Usuario	8	add_user
30	Can change Usuario	8	change_user
31	Can delete Usuario	8	delete_user
32	Can view Usuario	8	view_user
33	Can add Permiso de Rol	9	add_rolpermiso
34	Can change Permiso de Rol	9	change_rolpermiso
35	Can delete Permiso de Rol	9	delete_rolpermiso
36	Can view Permiso de Rol	9	view_rolpermiso
37	Can add Asignación de Rol	10	add_usuariorol
38	Can change Asignación de Rol	10	change_usuariorol
39	Can delete Asignación de Rol	10	delete_usuariorol
40	Can view Asignación de Rol	10	view_usuariorol
41	Can add Adjunto	11	add_adjunto
42	Can change Adjunto	11	change_adjunto
43	Can delete Adjunto	11	delete_adjunto
44	Can view Adjunto	11	view_adjunto
45	Can add Artículo	12	add_articulo
46	Can change Artículo	12	change_articulo
47	Can delete Artículo	12	delete_articulo
48	Can view Artículo	12	view_articulo
49	Can add Artículo-Categoría	13	add_articulocategoria
50	Can change Artículo-Categoría	13	change_articulocategoria
51	Can delete Artículo-Categoría	13	delete_articulocategoria
52	Can view Artículo-Categoría	13	view_articulocategoria
53	Can add Artículo-Etiqueta	14	add_articuloetiqueta
54	Can change Artículo-Etiqueta	14	change_articuloetiqueta
55	Can delete Artículo-Etiqueta	14	delete_articuloetiqueta
56	Can view Artículo-Etiqueta	14	view_articuloetiqueta
57	Can add Artículo Relacionado	15	add_articulorelacionado
58	Can change Artículo Relacionado	15	change_articulorelacionado
59	Can delete Artículo Relacionado	15	delete_articulorelacionado
60	Can view Artículo Relacionado	15	view_articulorelacionado
61	Can add Categoría	16	add_categoria
62	Can change Categoría	16	change_categoria
63	Can delete Categoría	16	delete_categoria
64	Can view Categoría	16	view_categoria
65	Can add Comentario	17	add_comentario
66	Can change Comentario	17	change_comentario
67	Can delete Comentario	17	delete_comentario
68	Can view Comentario	17	view_comentario
69	Can add Etiqueta	18	add_etiqueta
70	Can change Etiqueta	18	change_etiqueta
71	Can delete Etiqueta	18	delete_etiqueta
72	Can view Etiqueta	18	view_etiqueta
73	Can add Historial de Lectura	19	add_historiallectura
74	Can change Historial de Lectura	19	change_historiallectura
75	Can delete Historial de Lectura	19	delete_historiallectura
76	Can view Historial de Lectura	19	view_historiallectura
77	Can add Metadato SEO	20	add_metadatoseo
78	Can change Metadato SEO	20	change_metadatoseo
79	Can delete Metadato SEO	20	delete_metadatoseo
80	Can view Metadato SEO	20	view_metadatoseo
81	Can add Suscriptor de Newsletter	21	add_newsletter
82	Can change Suscriptor de Newsletter	21	change_newsletter
83	Can delete Suscriptor de Newsletter	21	delete_newsletter
84	Can view Suscriptor de Newsletter	21	view_newsletter
85	Can add Versión de Artículo	22	add_versionarticulo
86	Can change Versión de Artículo	22	change_versionarticulo
87	Can delete Versión de Artículo	22	delete_versionarticulo
88	Can view Versión de Artículo	22	view_versionarticulo
89	Can add Voto de Artículo	23	add_votoarticulo
90	Can change Voto de Artículo	23	change_votoarticulo
91	Can delete Voto de Artículo	23	delete_votoarticulo
92	Can view Voto de Artículo	23	view_votoarticulo
93	Can add contact form	24	add_contactform
94	Can change contact form	24	change_contactform
95	Can delete contact form	24	delete_contactform
96	Can view contact form	24	view_contactform
97	Can add whats app request	25	add_whatsapprequest
98	Can change whats app request	25	change_whatsapprequest
99	Can delete whats app request	25	delete_whatsapprequest
100	Can view whats app request	25	view_whatsapprequest
\.


--
-- Data for Name: blog_adjunto; Type: TABLE DATA; Schema: public; Owner: jai_user
--

COPY public.blog_adjunto (url, tipo, descripcion, orden, fecha_subida, created_at, updated_at, articulo_id, id) FROM stdin;
https://example.com/docs/chatgpt5-whitepaper.pdf	documento	Whitepaper técnico de ChatGPT-5	1	2025-04-05 19:40:01.967046+00	2025-04-05 19:40:01.967046+00	2025-04-05 19:40:01.967046+00	1	9b0b2d55-bfef-492d-a1eb-07b624ce6163
https://example.com/videos/react18-demo.mp4	video	Demo de las nuevas características	1	2025-04-05 19:40:01.967046+00	2025-04-05 19:40:01.967046+00	2025-04-05 19:40:01.967046+00	2	1c08734e-d4ae-4592-8965-d6573f102512
https://example.com/docs/python-workshop-material.zip	documento	Material del workshop en PDF	1	2025-04-05 19:40:01.967046+00	2025-04-05 19:40:01.967046+00	2025-04-05 19:40:01.967046+00	5	926ba2fa-5af5-4271-b5f2-aeb85fb98f50
https://example.com/images/fintech-infographic.png	imagen	Infografía de tendencias Fintech	1	2025-04-05 19:40:01.967046+00	2025-04-05 19:40:01.967046+00	2025-04-05 19:40:01.967046+00	7	2f8521ff-e903-42a2-a225-70160df66371
\.


--
-- Data for Name: blog_articulo; Type: TABLE DATA; Schema: public; Owner: jai_user
--

COPY public.blog_articulo (titulo, subtitulo, contenido, resumen, slug, fecha_publicacion, fecha_actualizacion, tiempo_lectura, estado, imagen_portada_url, visitas, destacado, created_at, updated_at, autor_id, id) FROM stdin;
Cómo prepararse para la próxima recesión económica	Consejos de expertos para proteger tus finanzas	Guía práctica para navegar en tiempos económicos difíciles...	Resumen de estrategias financieras	preparacion-recesion	2025-04-03 19:33:37.693258+00	2025-04-07 22:11:01.882195+00	1	publicado	https://example.com/images/recesion.jpg	950	f	2025-04-03 19:33:37.693258+00	2025-04-07 22:11:01.88221+00	1	2ea02448-2f3d-4d4b-8897-dd798e0b9c32
JavaScript vs TypeScript: ¿Cuál elegir en 2023?	Comparativa detallada entre ambos lenguajes	Análisis técnico comparando JavaScript y TypeScript...	Resumen de las diferencias clave	javascript-vs-typescript	2025-03-31 19:33:37.693258+00	2025-04-06 18:51:24.888469+00	1	publicado	https://example.com/images/js-ts.jpg	723	t	2025-03-31 19:33:37.693258+00	2025-04-06 18:51:24.888489+00	2	d6e02edf-0bec-4008-bcbc-dd7624996551
Las startups tecnológicas que están cambiando el mundo	10 empresas emergentes que están revolucionando sus industrias	Análisis de startups innovadoras...	Listado de startups prometedoras	startups-cambiando-mundo	2025-03-28 19:33:37.693258+00	2025-04-07 00:55:50.292423+00	1	publicado	https://example.com/images/startups.jpg	638	f	2025-03-28 19:33:37.693258+00	2025-04-07 00:55:50.292447+00	1	546616f3-29c7-4bb4-996f-403d96d1c1d1
Tendencias en fintech para 2023	Cómo la tecnología está transformando las finanzas	Análisis de las principales tendencias fintech...	Resumen de tendencias en tecnología financiera	tendencias-fintech-2023	2025-03-26 19:33:37.693258+00	2025-04-06 18:55:43.804189+00	1	publicado	https://example.com/images/fintech.jpg	546	f	2025-03-26 19:33:37.693258+00	2025-04-06 18:55:43.804232+00	1	e7a38752-da92-41a7-80f5-3cf739a2ccc7
Guía completa de React 18	Nuevas características y mejoras	Tutorial detallado sobre las novedades de React 18...	Resumen de las principales características de React 18	guia-react18	2025-03-24 19:33:37.693258+00	2025-04-06 18:55:47.34135+00	1	publicado	https://example.com/images/react18.jpg	984	t	2025-03-24 19:33:37.693258+00	2025-04-06 18:55:47.341397+00	2	63306f4d-c447-43dc-836c-9558a6bf0298
Avances revolucionarios en ChatGPT-5	OpenAI presenta su nuevo modelo de lenguaje	Contenido detallado sobre las nuevas capacidades de ChatGPT-5...	Resumen de las características principales de ChatGPT-5	avances-chatgpt5	2025-03-21 19:33:37.693258+00	2025-04-06 18:55:48.990091+00	1	publicado	https://example.com/images/chatgpt5.jpg	1255	t	2025-03-21 19:33:37.693258+00	2025-04-06 18:55:48.990109+00	1	a800c6d9-7f85-44af-8f59-f58e9594ea98
Google anuncia nuevas herramientas para desarrolladores	Nuevas APIs y servicios en la Google Cloud	Detalles sobre los nuevos lanzamientos de Google...	Resumen de las nuevas herramientas para devs	google-nuevas-herramientas	2025-03-18 19:33:37.693258+00	2025-04-06 00:17:52.179416+00	1	publicado	https://example.com/images/google-tools.jpg	891	f	2025-03-18 19:33:37.693258+00	2025-04-06 00:17:52.179441+00	3	5de89791-47e4-4bfb-ac94-9a00420989c2
Conferencia anual de IA en Barcelona	Evento reunirá a los mayores expertos en inteligencia artificial	Detalles sobre la próxima conferencia de IA...	Resumen del evento y ponentes confirmados	conferencia-ia-barcelona	2025-03-16 19:33:37.693258+00	2025-04-06 15:59:41.654509+00	1	publicado	https://example.com/images/ia-conference.jpg	752	f	2025-03-16 19:33:37.693258+00	2025-04-06 15:59:41.654561+00	3	56946565-a0f0-47dc-b0e5-b0cd36472a61
Innovación en energías renovables	Tecnologías emergentes para un futuro sostenible	Reportaje sobre las últimas innovaciones en energías limpias...	Resumen de avances en energías renovables	innovacion-energias-renovables	2025-03-14 19:33:37.693258+00	2025-04-06 00:17:55.741104+00	1	publicado	https://example.com/images/energias.jpg	681	f	2025-03-14 19:33:37.693258+00	2025-04-06 00:17:55.74112+00	3	c32fdb72-1099-45a1-99a4-95ce25ed10e2
Workshop práctico de Python para análisis de datos	Aprende a usar Python para análisis de datos en este taller intensivo	Descripción del workshop y temas a cubrir...	Información sobre el workshop de Python	workshop-python-datos	2025-03-11 19:33:37.693258+00	2025-04-07 01:05:37.836607+00	1	publicado	https://example.com/images/python-workshop.jpg	432	f	2025-03-11 19:33:37.693258+00	2025-04-07 01:05:37.836628+00	2	41b53f04-3946-488b-9cef-345c250c107e
\.


--
-- Data for Name: blog_articulocategoria; Type: TABLE DATA; Schema: public; Owner: jai_user
--

COPY public.blog_articulocategoria (es_principal, orden, fecha_asociacion, articulo_id, categoria_id, id) FROM stdin;
t	1	2025-04-05 19:37:20.578918+00	10	3	51122e47-fe94-43db-bf0e-0e63d9738fa2
t	1	2025-04-05 19:37:20.578918+00	2	5	34e270c5-6091-4ede-9de0-97de4d5b23a4
t	1	2025-04-05 19:37:20.578918+00	3	4	c9061c34-6346-4d44-b0e7-112dd5c42916
t	1	2025-04-05 19:37:20.578918+00	8	5	32d8f34e-a4d6-4954-b56f-3a593b51fabc
t	1	2025-04-05 19:37:20.578918+00	9	1	7828a8d4-f266-4138-9305-9e8cb9e3fe7d
t	1	2025-04-05 19:37:20.578918+00	1	2	3140a19d-dfe1-4932-8691-2757fab59718
t	1	2025-04-05 19:37:20.578918+00	4	3	af9f63d1-d24c-4d20-ba8c-24144c2d8815
t	1	2025-04-05 19:37:20.578918+00	5	1	68191d05-00aa-4962-ae31-fefe057f51c0
t	1	2025-04-05 19:37:20.578918+00	6	1	bf40f9b8-6f56-4391-9c22-abd545e8726c
t	1	2025-04-05 19:37:20.578918+00	7	3	e8b13d2b-59d9-496e-962d-2df9ce79a3e2
f	2	2025-04-05 19:37:20.578918+00	3	2	4cb00ad2-10d3-4e4e-b7cf-118a53018849
f	2	2025-04-05 19:37:20.578918+00	5	5	fccbebc1-1f56-4511-9373-db5d11df18a0
f	2	2025-04-05 19:37:20.578918+00	4	1	a9690755-cadd-43b7-a379-cb42639c3226
\.


--
-- Data for Name: blog_articuloetiqueta; Type: TABLE DATA; Schema: public; Owner: jai_user
--

COPY public.blog_articuloetiqueta (relevancia, fecha_asociacion, articulo_id, etiqueta_id, id) FROM stdin;
1	2025-04-05 19:39:15.540994+00	1	1	4aac1fd2-2840-4795-8f07-ceaa9e6e63e7
1	2025-04-05 19:39:15.540994+00	6	5	839f346d-86b3-4013-92bf-a1648653073d
1	2025-04-05 19:39:15.540994+00	7	7	136971ae-4c9f-48a5-8994-4d319c7e084f
1	2025-04-05 19:39:15.540994+00	8	3	8ddd8e1e-c8d5-4d2e-8aaf-7b62ec246c13
1	2025-04-05 19:39:15.540994+00	9	10	a47dc967-122a-42a8-b165-80105bedb9f2
1	2025-04-05 19:39:15.540994+00	10	7	235b49cc-fb53-49be-a2fd-96411ab14622
1	2025-04-05 19:39:15.540994+00	2	3	e3483c67-c37d-4dfc-b7f2-25c1b03e2297
1	2025-04-05 19:39:15.540994+00	3	2	f0aae2a0-a1a7-4eee-9e8f-5fa07920ab16
1	2025-04-05 19:39:15.540994+00	4	4	331154f2-d10b-4fe7-9ba6-0c17ab7dfcfd
1	2025-04-05 19:39:15.540994+00	5	8	adb503a2-08e9-4fd7-9eb5-225efad4a779
0.9	2025-04-05 19:39:15.540994+00	5	9	5deefcd5-bc07-4138-accd-0a870dfca82b
0.9	2025-04-05 19:39:15.540994+00	2	6	b78888bb-0efa-43a5-bad5-e94d854096b8
0.8	2025-04-05 19:39:15.540994+00	1	10	d8bf1648-da00-4666-b182-7b5db7b1d834
0.8	2025-04-05 19:39:15.540994+00	4	10	966eb7c5-c849-456b-9fbf-c2e174014f23
0.7	2025-04-05 19:39:15.540994+00	3	10	936e6ef2-ed60-49a4-95d5-e2cf64f41e57
\.


--
-- Data for Name: blog_articulorelacionado; Type: TABLE DATA; Schema: public; Owner: jai_user
--

COPY public.blog_articulorelacionado (tipo_relacion, orden, created_at, updated_at, articulo_destino_id, articulo_origen_id, id) FROM stdin;
complementario	1	2025-04-05 19:39:38.289372+00	2025-04-05 19:39:38.289372+00	8	2	2ddc7f92-761b-4628-ab45-51adb6ed87e6
complementario	1	2025-04-05 19:39:38.289372+00	2025-04-05 19:39:38.289372+00	9	5	be681c3b-3f5f-429d-b644-47065cec59f7
similar	1	2025-04-05 19:39:38.289372+00	2025-04-05 19:39:38.289372+00	3	1	d7bf17a2-f350-45c8-9d29-6033f6cd977f
similar	1	2025-04-05 19:39:38.289372+00	2025-04-05 19:39:38.289372+00	7	4	907dc314-7c9b-4e31-a366-073dd39ac2d4
similar	1	2025-04-05 19:39:38.289372+00	2025-04-05 19:39:38.289372+00	2	6	f759e122-9287-4e91-87bd-c9870524ba13
\.


--
-- Data for Name: blog_categoria; Type: TABLE DATA; Schema: public; Owner: jai_user
--

COPY public.blog_categoria (nombre, slug, descripcion, icono, color, orden, created_at, updated_at, parent_id, id) FROM stdin;
Tecnología	tecnologia	Artículos sobre tecnología y innovación	computer	#3b82f6	1	2025-04-05 19:33:18.728714+00	2025-04-05 19:33:18.728714+00	\N	20fc05a0-fffc-4e48-b9e8-1c57980a355d
Inteligencia Artificial	inteligencia-artificial	Avances en IA y machine learning	robot	#ef4444	2	2025-04-05 19:33:18.728714+00	2025-04-05 19:33:18.728714+00	1	ea386867-3fc6-4105-a40d-dc45aef398ae
Negocios	negocios	Noticias y análisis de negocios	briefcase	#10b981	3	2025-04-05 19:33:18.728714+00	2025-04-05 19:33:18.728714+00	\N	db21424c-4a4f-4b30-b969-3fd44ee80b13
Eventos	eventos	Próximos eventos y conferencias	calendar	#f59e0b	4	2025-04-05 19:33:18.728714+00	2025-04-05 19:33:18.728714+00	\N	5d75241d-3766-41ad-a241-675c15ef291c
Desarrollo Web	desarrollo-web	Tutoriales y noticias sobre desarrollo web	code	#8b5cf6	5	2025-04-05 19:33:18.728714+00	2025-04-05 19:33:18.728714+00	1	29cceb57-c7f4-4dc6-b326-79d72a1ea719
\.


--
-- Data for Name: blog_comentario; Type: TABLE DATA; Schema: public; Owner: jai_user
--

COPY public.blog_comentario (contenido, fecha, estado, created_at, updated_at, articulo_id, parent_id, usuario_id, id) FROM stdin;
Muy útiles los consejos, gracias por el artículo	2025-04-04 19:39:48.980891+00	aprobado	2025-04-04 19:39:48.980891+00	2025-04-04 19:39:48.980891+00	10	\N	1	39f9edbd-34e4-4001-bf5f-acabd2d0b114
Yo prefiero TypeScript para proyectos grandes	2025-04-01 19:39:48.980891+00	aprobado	2025-04-01 19:39:48.980891+00	2025-04-01 19:39:48.980891+00	8	\N	3	c61c3122-9178-44e1-801d-0c775dae60af
Falta mencionar algunas startups prometedoras de Latam	2025-03-29 19:39:48.980891+00	aprobado	2025-03-29 19:39:48.980891+00	2025-03-29 19:39:48.980891+00	4	\N	2	dc35512d-7bb7-4ae1-8587-372b21826ebc
Muy buena guía, me ayudó mucho con las nuevas features	2025-03-27 19:39:48.980891+00	aprobado	2025-03-27 19:39:48.980891+00	2025-03-27 19:39:48.980891+00	2	\N	1	138e5a52-e392-4f5b-b73d-fe2f70d38da1
Según OpenAI, en el tercer trimestre de 2023	2025-03-23 19:39:48.980891+00	aprobado	2025-03-23 19:39:48.980891+00	2025-03-23 19:39:48.980891+00	1	2	1	204fd9ac-b47a-4adf-bcb9-fb5cf19ee04c
Excelente artículo, muy informativo sobre las nuevas capacidades	2025-03-22 19:39:48.980891+00	aprobado	2025-03-22 19:39:48.980891+00	2025-03-22 19:39:48.980891+00	1	\N	2	3969aa64-c6b3-41b0-9f0c-a003cbcbca83
¿Cuándo estará disponible para el público general?	2025-03-22 19:39:48.980891+00	aprobado	2025-03-22 19:39:48.980891+00	2025-03-22 19:39:48.980891+00	1	\N	3	034bde15-7d41-4e9e-9bde-876add3ddfb4
\.


--
-- Data for Name: blog_etiqueta; Type: TABLE DATA; Schema: public; Owner: jai_user
--

COPY public.blog_etiqueta (nombre, slug, descripcion, tipo, created_at, updated_at, id) FROM stdin;
ChatGPT	chatgpt	Artículos relacionados con ChatGPT	tema	2025-04-05 19:33:28.733821+00	2025-04-05 19:33:28.733821+00	39291b94-5e95-4817-82d5-02c117b849eb
Conferencia	conferencia	Eventos tipo conferencia	evento	2025-04-05 19:33:28.733821+00	2025-04-05 19:33:28.733821+00	17bf92f7-6c8e-4d0b-91b5-f8a296c03d6a
Finanzas	finanzas	Temas financieros y económicos	negocio	2025-04-05 19:33:28.733821+00	2025-04-05 19:33:28.733821+00	792b31d9-7ba8-47dc-8d4d-89114ffc6037
Google	google	Noticias sobre Google	empresa	2025-04-05 19:33:28.733821+00	2025-04-05 19:33:28.733821+00	b68b6ac1-f1a3-4e53-8e86-942f4b0f2233
Innovación	innovacion	Temas sobre innovación tecnológica	tema	2025-04-05 19:33:28.733821+00	2025-04-05 19:33:28.733821+00	03bf7a8a-aa9e-4dc0-b256-f1c786cd42d0
JavaScript	javascript	Contenido sobre JavaScript	tecnologia	2025-04-05 19:33:28.733821+00	2025-04-05 19:33:28.733821+00	3de8e02b-31d4-4c3c-8b25-c211b8d3d56b
Python	python	Lenguaje de programación Python	tecnologia	2025-04-05 19:33:28.733821+00	2025-04-05 19:33:28.733821+00	2ee973cb-85d2-4c72-8725-01008726ab18
React	react	Biblioteca de JavaScript para interfaces	tecnologia	2025-04-05 19:33:28.733821+00	2025-04-05 19:33:28.733821+00	0a7bed93-0165-4972-9c39-1a85b0066ede
Startups	startups	Empresas emergentes y emprendimiento	negocio	2025-04-05 19:33:28.733821+00	2025-04-05 19:33:28.733821+00	58394006-d408-4b8f-82f9-366631f92cc1
Workshop	workshop	Eventos tipo taller práctico	evento	2025-04-05 19:33:28.733821+00	2025-04-05 19:33:28.733821+00	a44b125f-ff3d-4eb3-b98d-c0c31e3d25e8
\.


--
-- Data for Name: blog_historiallectura; Type: TABLE DATA; Schema: public; Owner: jai_user
--

COPY public.blog_historiallectura (fecha_acceso, tiempo_lectura, completado, created_at, updated_at, articulo_id, usuario_id, id) FROM stdin;
2025-04-01 19:40:42.10023+00	660	t	2025-04-01 19:40:42.10023+00	2025-04-01 19:40:42.10023+00	8	3	9ecaa651-3332-43e2-9825-e47341afbcc1
2025-03-29 19:40:42.10023+00	600	f	2025-03-29 19:40:42.10023+00	2025-03-29 19:40:42.10023+00	4	2	fa61ea56-3b04-4037-badf-39eda8035eaa
2025-03-27 19:40:42.10023+00	720	t	2025-03-27 19:40:42.10023+00	2025-03-27 19:40:42.10023+00	2	1	6faa5609-0c68-4f53-9fb9-11eaa1663276
2025-03-23 19:40:42.10023+00	360	t	2025-03-23 19:40:42.10023+00	2025-03-23 19:40:42.10023+00	1	3	02c4c75d-98de-4929-b8fe-b3e2daefff10
2025-03-22 19:40:42.10023+00	480	t	2025-03-22 19:40:42.10023+00	2025-03-22 19:40:42.10023+00	1	1	64ac66e2-096b-441a-ab5e-7eb63b200908
2025-03-22 19:40:42.10023+00	420	t	2025-03-22 19:40:42.10023+00	2025-03-22 19:40:42.10023+00	1	2	db92bc07-fe8f-4701-9248-01bebd10f54f
\.


--
-- Data for Name: blog_metadatoseo; Type: TABLE DATA; Schema: public; Owner: jai_user
--

COPY public.blog_metadatoseo (meta_titulo, meta_descripcion, palabras_clave, schema_markup, og_image, created_at, updated_at, articulo_id, id) FROM stdin;
Novedades de ChatGPT-5 | TuSitioWeb	Descubre las revolucionarias capacidades del nuevo ChatGPT-5 de OpenAI	chatgpt, ia, openai, inteligencia artificial	\N	https://example.com/images/chatgpt5-og.jpg	2025-04-05 19:39:30.874382+00	2025-04-05 19:39:30.874382+00	1	04a0df63-76ac-4094-812a-72a671b97b0c
Guía React 18 | Tutorial completo | TuSitioWeb	Aprende todas las novedades de React 18 con esta guía completa	react, javascript, frontend, desarrollo web	\N	https://example.com/images/react18-og.jpg	2025-04-05 19:39:30.874382+00	2025-04-05 19:39:30.874382+00	2	cd3e2759-fc39-4e25-be9c-1ab85a28066a
Conferencia IA Barcelona 2023 | TuSitioWeb	Evento con los mayores expertos en inteligencia artificial	conferencia, ia, inteligencia artificial, barcelona	\N	https://example.com/images/ia-conference-og.jpg	2025-04-05 19:39:30.874382+00	2025-04-05 19:39:30.874382+00	3	d7f1bffb-005d-4f08-bc21-4e2168e7e512
Startups tecnológicas innovadoras | TuSitioWeb	Descubre las startups que están cambiando el mundo	startups, tecnología, innovación, emprendimiento	\N	https://example.com/images/startups-og.jpg	2025-04-05 19:39:30.874382+00	2025-04-05 19:39:30.874382+00	4	f86db224-c2f7-4809-83a0-16d2e7f38a53
Workshop Python para análisis de datos | TuSitioWeb	Taller práctico para aprender análisis de datos con Python	python, workshop, análisis datos, programación	\N	https://example.com/images/python-workshop-og.jpg	2025-04-05 19:39:30.874382+00	2025-04-05 19:39:30.874382+00	5	b2b2dfcd-0fe0-4cdc-a10b-989d4aec4fb7
Nuevas herramientas Google para devs | TuSitioWeb	Google anuncia nuevas APIs y servicios para desarrolladores	google, desarrollo, apis, cloud	\N	https://example.com/images/google-tools-og.jpg	2025-04-05 19:39:30.874382+00	2025-04-05 19:39:30.874382+00	6	b39dd0b4-c703-4589-b86e-170e9c1dd69c
Tendencias Fintech 2023 | TuSitioWeb	Las principales tendencias en tecnología financiera para este año	fintech, finanzas, tecnología, bancos	\N	https://example.com/images/fintech-og.jpg	2025-04-05 19:39:30.874382+00	2025-04-05 19:39:30.874382+00	7	4842baf2-508f-4504-8489-1b2dff7c17fc
JavaScript vs TypeScript 2023 | TuSitioWeb	Comparativa detallada: ¿cuál elegir este año?	javascript, typescript, frontend, desarrollo web	\N	https://example.com/images/js-ts-og.jpg	2025-04-05 19:39:30.874382+00	2025-04-05 19:39:30.874382+00	8	9be4618c-96b2-42c5-9f4b-088f3f566568
Innovación en energías renovables | TuSitioWeb	Tecnologías emergentes para un futuro sostenible	energías, renovables, sostenibilidad, innovación	\N	https://example.com/images/energias-og.jpg	2025-04-05 19:39:30.874382+00	2025-04-05 19:39:30.874382+00	9	5ff29185-a212-4e3a-832c-348131f3239e
Cómo prepararse para la recesión | TuSitioWeb	Consejos expertos para proteger tus finanzas	recesión, economía, finanzas, consejos	\N	https://example.com/images/recesion-og.jpg	2025-04-05 19:39:30.874382+00	2025-04-05 19:39:30.874382+00	10	f00ba5c9-009e-44bc-b4b0-975d02aa14ea
\.


--
-- Data for Name: blog_newsletter; Type: TABLE DATA; Schema: public; Owner: jai_user
--

COPY public.blog_newsletter (email, nombre, fecha_subscripcion, token_confirmacion, confirmado, preferencias, frecuencia, created_at, updated_at, id) FROM stdin;
suscriptor1@example.com	Ana Martínez	2025-03-06 19:40:52.823759+00	token1	t	{"categorias": [1, 2]}	diaria	2025-03-06 19:40:52.823759+00	2025-03-06 19:40:52.823759+00	246cf38f-0bab-4e43-8abc-982575a55db3
suscriptor2@example.com	Luis Rodríguez	2025-03-16 19:40:52.823759+00	token2	t	{"categorias": [3]}	semanal	2025-03-16 19:40:52.823759+00	2025-03-16 19:40:52.823759+00	6f3a2448-94c8-4dfc-8ffd-0de1db3ee470
suscriptor3@example.com	\N	2025-03-26 19:40:52.823759+00	token3	f	{"categorias": []}	mensual	2025-03-26 19:40:52.823759+00	2025-03-26 19:40:52.823759+00	a6588d6b-0a5c-46f0-a690-ab1ccbbf442b
\.


--
-- Data for Name: blog_versionarticulo; Type: TABLE DATA; Schema: public; Owner: jai_user
--

COPY public.blog_versionarticulo (contenido, fecha_version, motivo_cambio, created_at, articulo_id, usuario_id, id) FROM stdin;
Contenido corregido con ejemplos adicionales...	2025-03-26 19:40:29.81344+00	Agregar ejemplos prácticos	2025-03-26 19:40:29.81344+00	2	2	f94de23a-e855-4c50-9f77-25952c6ec5ab
Contenido original de la guía de React 18...	2025-03-24 19:40:29.81344+00	Publicación inicial	2025-03-24 19:40:29.81344+00	2	2	a26237f5-7052-4ae4-ba06-55980070e6fd
Contenido actualizado con nueva información sobre API...	2025-03-22 19:40:29.81344+00	Actualización con detalles de API	2025-03-22 19:40:29.81344+00	1	1	c5b43dae-aebf-4daf-867c-69318e815d86
Contenido original del artículo sobre ChatGPT-5...	2025-03-21 19:40:29.81344+00	Publicación inicial	2025-03-21 19:40:29.81344+00	1	1	16890312-8698-42ce-8f3b-bf2259ddc5e9
\.


--
-- Data for Name: blog_votoarticulo; Type: TABLE DATA; Schema: public; Owner: jai_user
--

COPY public.blog_votoarticulo (puntuacion, fecha, created_at, updated_at, articulo_id, usuario_id, id) FROM stdin;
5	2025-03-27 19:40:36.216051+00	2025-03-27 19:40:36.216051+00	2025-03-27 19:40:36.216051+00	2	1	d7110931-10c3-453c-84ab-cfff27668b85
4	2025-03-22 19:40:36.216051+00	2025-03-22 19:40:36.216051+00	2025-03-22 19:40:36.216051+00	1	2	419fef57-e855-4b3d-937a-b44aa73c754d
5	2025-03-23 19:40:36.216051+00	2025-03-23 19:40:36.216051+00	2025-03-23 19:40:36.216051+00	1	3	279beca5-abf3-409f-9c3a-3f090ef958bf
5	2025-04-01 19:40:36.216051+00	2025-04-01 19:40:36.216051+00	2025-04-01 19:40:36.216051+00	8	2	7c3e0c25-fafe-4e06-bac6-6ed5b692a022
4	2025-04-04 19:40:36.216051+00	2025-04-04 19:40:36.216051+00	2025-04-04 19:40:36.216051+00	10	1	2dc60abf-c590-428d-a77a-07f20a94fd50
1	2025-04-07 00:40:45.6571+00	2025-04-07 00:40:45.657135+00	2025-04-07 01:08:10.917223+00	4	1	7196e6a3-ffbc-42cf-9894-b8e6a4eec334
1	2025-04-07 00:57:19.387897+00	2025-04-07 00:57:19.38793+00	2025-04-07 01:30:36.047274+00	5	1	1068f317-83d9-4ef8-b0d5-538141a9ba50
2	2025-04-07 01:30:48.941308+00	2025-04-07 01:30:48.941331+00	2025-04-07 01:30:48.941338+00	9	1	923d07fb-a9a8-475d-a115-1477470eea3d
\.


--
-- Data for Name: django_admin_log; Type: TABLE DATA; Schema: public; Owner: jai_user
--

COPY public.django_admin_log (id, action_time, object_id, object_repr, action_flag, change_message, content_type_id, user_id) FROM stdin;
\.


--
-- Data for Name: django_content_type; Type: TABLE DATA; Schema: public; Owner: jai_user
--

COPY public.django_content_type (id, app_label, model) FROM stdin;
1	admin	logentry
2	auth	permission
3	auth	group
4	contenttypes	contenttype
5	sessions	session
6	users	permiso
7	users	rol
8	users	user
9	users	rolpermiso
10	users	usuariorol
11	blog	adjunto
12	blog	articulo
13	blog	articulocategoria
14	blog	articuloetiqueta
15	blog	articulorelacionado
16	blog	categoria
17	blog	comentario
18	blog	etiqueta
19	blog	historiallectura
20	blog	metadatoseo
21	blog	newsletter
22	blog	versionarticulo
23	blog	votoarticulo
24	users	contactform
25	users	whatsapprequest
\.


--
-- Data for Name: django_migrations; Type: TABLE DATA; Schema: public; Owner: jai_user
--

COPY public.django_migrations (id, app, name, applied) FROM stdin;
1	contenttypes	0001_initial	2025-04-05 17:07:20.743875+00
2	contenttypes	0002_remove_content_type_name	2025-04-05 17:07:20.747073+00
3	auth	0001_initial	2025-04-05 17:07:20.76101+00
4	auth	0002_alter_permission_name_max_length	2025-04-05 17:07:20.762698+00
5	auth	0003_alter_user_email_max_length	2025-04-05 17:07:20.764412+00
6	auth	0004_alter_user_username_opts	2025-04-05 17:07:20.766239+00
7	auth	0005_alter_user_last_login_null	2025-04-05 17:07:20.767888+00
8	auth	0006_require_contenttypes_0002	2025-04-05 17:07:20.76854+00
9	auth	0007_alter_validators_add_error_messages	2025-04-05 17:07:20.770739+00
10	auth	0008_alter_user_username_max_length	2025-04-05 17:07:20.77235+00
11	auth	0009_alter_user_last_name_max_length	2025-04-05 17:07:20.774098+00
12	auth	0010_alter_group_name_max_length	2025-04-05 17:07:20.775931+00
13	auth	0011_update_proxy_permissions	2025-04-05 17:07:20.777674+00
14	auth	0012_alter_user_first_name_max_length	2025-04-05 17:07:20.779249+00
15	users	0001_initial	2025-04-05 17:07:20.811164+00
16	admin	0001_initial	2025-04-05 17:07:20.818895+00
17	admin	0002_logentry_remove_auto_add	2025-04-05 17:07:20.822566+00
18	admin	0003_logentry_add_action_flag_choices	2025-04-05 17:07:20.825404+00
19	blog	0001_initial	2025-04-05 17:07:20.858525+00
20	blog	0002_initial	2025-04-05 17:07:20.994702+00
21	sessions	0001_initial	2025-04-05 17:07:20.999526+00
22	users	0002_contactform_whatsapprequest	2025-04-05 20:22:23.658472+00
23	blog	0004_convert_ids_to_uuid	2025-04-08 16:18:59.275231+00
24	blog	0005_convert_ids_to_uuid	2025-04-08 16:18:59.282792+00
25	blog	0006_convert_ids_to_uuid	2025-04-08 16:18:59.284045+00
\.


--
-- Data for Name: django_session; Type: TABLE DATA; Schema: public; Owner: jai_user
--

COPY public.django_session (session_key, session_data, expire_date) FROM stdin;
\.


--
-- Data for Name: users_contactform; Type: TABLE DATA; Schema: public; Owner: jai_user
--

COPY public.users_contactform (id, name, email, message, created_at) FROM stdin;
1	Test	test@example.com	Hola	2025-04-05 22:39:00.961701+00
2	asdsd	neon74799444@gmail.com	asdasdasd	2025-04-05 22:55:30.193095+00
3	juan	elmundodeirbis@gmail.com	kajslkxjalskjlasd	2025-04-05 22:55:57.610969+00
4	grov1905	grov1905@gmail.com	aslkdalksdlksd	2025-04-05 22:56:13.057736+00
\.


--
-- Data for Name: users_permiso; Type: TABLE DATA; Schema: public; Owner: jai_user
--

COPY public.users_permiso (id, codigo, nombre, descripcion) FROM stdin;
11	crear_usuario	Crear usuarios	Permite crear nuevos usuarios
12	editar_usuario	Editar usuarios	Permite modificar usuarios
13	eliminar_usuario	Eliminar usuarios	Permite eliminar usuarios
14	crear_contenido	Crear contenido	Permite crear nuevo contenido
15	editar_contenido	Editar contenido	Permite modificar contenido
\.


--
-- Data for Name: users_rol; Type: TABLE DATA; Schema: public; Owner: jai_user
--

COPY public.users_rol (id, nombre, descripcion, nivel_prioridad) FROM stdin;
15	Administrador	Acceso completo al sistema	1
16	Editor	Puede editar contenido	2
17	Autor	Puede crear contenido	3
18	Lector	Puede leer contenido	4
19	Invitado	Acceso limitado	5
\.


--
-- Data for Name: users_rolpermiso; Type: TABLE DATA; Schema: public; Owner: jai_user
--

COPY public.users_rolpermiso (id, permiso_id, rol_id) FROM stdin;
12	11	15
13	12	15
14	13	15
15	14	15
16	15	15
17	14	16
18	15	16
19	14	17
20	15	18
\.


--
-- Data for Name: users_user; Type: TABLE DATA; Schema: public; Owner: jai_user
--

COPY public.users_user (id, password, last_login, is_superuser, username, first_name, last_name, email, is_staff, is_active, date_joined, avatar_url, biografia, estado, phone, company) FROM stdin;
2	$2a$06$rNBEtpSmGmyp5MzPdQACMehELSlcqO853WWGsNKE2SiDqNiI/u07u	2025-04-03 18:20:37.02342+00	f	editor	María	Gómez	editor@jaiexperts.com	t	t	2025-04-05 18:20:37.02342+00	https://example.com/avatars/maria.jpg	Editora de contenido	activo	+51987654322	JAI Experts
3	$2a$06$vvEA26alMMumUoe5N5Zq5uCUJvedWgXTGKxrKtBcBiL9u0Aena1lO	2025-03-29 18:20:37.02342+00	f	autor	Carlos	Ruiz	autor@jaiexperts.com	f	t	2025-04-05 18:20:37.02342+00	\N	Autor de artículos	activo	\N	\N
4	$2a$06$XMic6fbcQY59/Dl1gFet6eeOU7koQbxzuWHZQqTxKRcTJXMZ6FhyC	2025-04-02 18:20:37.02342+00	f	lector	Ana	Torres	lector@jaiexperts.com	f	t	2025-04-05 18:20:37.02342+00	https://example.com/avatars/ana.jpg	Lectora frecuente	activo	+51987654323	\N
5	$2a$06$XNLEBlGds4qePIgqEuVbN.IBR7pPSK8dYKXSNlSIZD4YNSRRweMHe	2025-03-05 18:20:37.02342+00	f	invitado	Pedro	Sánchez	invitado@jaiexperts.com	f	f	2025-04-05 18:20:37.02342+00	\N	Usuario invitado	inactivo	\N	\N
9	pbkdf2_sha256$600000$VNDEaFK5QXOdnthYddyQE7$fWg72dDykai1EBK0DT3md9ANzClPslvuNTOW8utJ/yU=	2025-04-07 12:54:54.803457+00	f	prueba3			prueba3@gmail.com	f	t	2025-04-07 12:53:58.661651+00	\N	\N	activo	\N	\N
10	pbkdf2_sha256$600000$IJBi3bgR9N1MWFH2rkjwbW$IGm9oIw9fJjNQzwyWFW4JvAzW4a/vnTp+IPVh6YbCgM=	\N	f	grov19			grov19@gmail.com	f	t	2025-04-08 00:43:40.627073+00	\N	\N	activo	\N	\N
7	pbkdf2_sha256$600000$ukqNHdW0RU6goXOH65vDwk$XtrCB8V5RX3lwzGF/5uFuxfrdsP5/9lbZcMPt83HrPI=	\N	f	prueba1			prueba1@gmail.com	f	t	2025-04-07 12:43:07.325113+00	\N	\N	activo	\N	\N
6	pbkdf2_sha256$600000$W0sy4bWF1MzIPnO4OLNl63$I8YP+pfafPVZ9zR1j8UCEN9I+XQJ/ZkKXZaFXWl4h4I=	2025-04-07 12:45:49.442823+00	f	prueba				f	t	2025-04-07 02:53:51.367222+00	\N	\N	activo	\N	\N
8	pbkdf2_sha256$600000$q7ICrHtxAUexSFboQJRd2q$cPgLgtl+uIDdN1xnh+r6s8FxDMaXPVSu99awWaCsHp0=	2025-04-07 12:52:56.925133+00	f	prueba2			prueba2@gmail.com	f	t	2025-04-07 12:51:50.44228+00	\N	\N	activo	\N	\N
1	pbkdf2_sha256$600000$QIpPqWUI9a4R59u59KSBP7$7FXTog+NnXOn90R5RgmenuNwHk5jDZcfqpWo/qZ/FTI=	2025-04-08 16:21:54.846783+00	t	admin	Juan	Pérez	admin@jaiexperts.com	t	t	2025-04-05 18:20:37.02342+00	https://example.com/avatars/admin.jpg	Administrador principal del sistema	activo	+51987654321	JAI Experts
\.


--
-- Data for Name: users_user_groups; Type: TABLE DATA; Schema: public; Owner: jai_user
--

COPY public.users_user_groups (id, user_id, group_id) FROM stdin;
\.


--
-- Data for Name: users_user_user_permissions; Type: TABLE DATA; Schema: public; Owner: jai_user
--

COPY public.users_user_user_permissions (id, user_id, permission_id) FROM stdin;
\.


--
-- Data for Name: users_usuariorol; Type: TABLE DATA; Schema: public; Owner: jai_user
--

COPY public.users_usuariorol (id, fecha_asignacion, rol_id, usuario_id) FROM stdin;
11	2025-04-05 18:23:40.975184+00	15	1
12	2025-04-05 18:23:40.975184+00	16	2
13	2025-04-05 18:23:40.975184+00	17	3
14	2025-04-05 18:23:40.975184+00	18	4
15	2025-04-05 18:23:40.975184+00	19	5
\.


--
-- Data for Name: users_whatsapprequest; Type: TABLE DATA; Schema: public; Owner: jai_user
--

COPY public.users_whatsapprequest (id, phone_number, message, "timestamp") FROM stdin;
1	+123456789	Hola	2025-04-05 21:22:41.408992+00
2	+123456789	Test	2025-04-05 22:25:49.751675+00
3	51935938821	Solicitud enviada desde botón header	2025-04-05 22:27:26.462999+00
4	51935938821	Solicitud enviada desde botón header	2025-04-05 22:27:37.552335+00
5	51935938821	Solicitud enviada desde botón header	2025-04-06 03:17:57.418679+00
6	51935938821	Solicitud enviada desde botón header	2025-04-06 18:27:32.585055+00
7	51935938821	Solicitud enviada desde botón header	2025-04-08 00:05:03.27404+00
\.


--
-- Name: auth_group_id_seq; Type: SEQUENCE SET; Schema: public; Owner: jai_user
--

SELECT pg_catalog.setval('public.auth_group_id_seq', 1, false);


--
-- Name: auth_group_permissions_id_seq; Type: SEQUENCE SET; Schema: public; Owner: jai_user
--

SELECT pg_catalog.setval('public.auth_group_permissions_id_seq', 1, false);


--
-- Name: auth_permission_id_seq; Type: SEQUENCE SET; Schema: public; Owner: jai_user
--

SELECT pg_catalog.setval('public.auth_permission_id_seq', 100, true);


--
-- Name: django_admin_log_id_seq; Type: SEQUENCE SET; Schema: public; Owner: jai_user
--

SELECT pg_catalog.setval('public.django_admin_log_id_seq', 1, false);


--
-- Name: django_content_type_id_seq; Type: SEQUENCE SET; Schema: public; Owner: jai_user
--

SELECT pg_catalog.setval('public.django_content_type_id_seq', 25, true);


--
-- Name: django_migrations_id_seq; Type: SEQUENCE SET; Schema: public; Owner: jai_user
--

SELECT pg_catalog.setval('public.django_migrations_id_seq', 25, true);


--
-- Name: users_contactform_id_seq; Type: SEQUENCE SET; Schema: public; Owner: jai_user
--

SELECT pg_catalog.setval('public.users_contactform_id_seq', 4, true);


--
-- Name: users_permiso_id_seq; Type: SEQUENCE SET; Schema: public; Owner: jai_user
--

SELECT pg_catalog.setval('public.users_permiso_id_seq', 15, true);


--
-- Name: users_rol_id_seq; Type: SEQUENCE SET; Schema: public; Owner: jai_user
--

SELECT pg_catalog.setval('public.users_rol_id_seq', 19, true);


--
-- Name: users_rolpermiso_id_seq; Type: SEQUENCE SET; Schema: public; Owner: jai_user
--

SELECT pg_catalog.setval('public.users_rolpermiso_id_seq', 20, true);


--
-- Name: users_user_groups_id_seq; Type: SEQUENCE SET; Schema: public; Owner: jai_user
--

SELECT pg_catalog.setval('public.users_user_groups_id_seq', 1, false);


--
-- Name: users_user_id_seq; Type: SEQUENCE SET; Schema: public; Owner: jai_user
--

SELECT pg_catalog.setval('public.users_user_id_seq', 10, true);


--
-- Name: users_user_user_permissions_id_seq; Type: SEQUENCE SET; Schema: public; Owner: jai_user
--

SELECT pg_catalog.setval('public.users_user_user_permissions_id_seq', 1, false);


--
-- Name: users_usuariorol_id_seq; Type: SEQUENCE SET; Schema: public; Owner: jai_user
--

SELECT pg_catalog.setval('public.users_usuariorol_id_seq', 15, true);


--
-- Name: users_whatsapprequest_id_seq; Type: SEQUENCE SET; Schema: public; Owner: jai_user
--

SELECT pg_catalog.setval('public.users_whatsapprequest_id_seq', 7, true);


--
-- Name: auth_group auth_group_name_key; Type: CONSTRAINT; Schema: public; Owner: jai_user
--

ALTER TABLE ONLY public.auth_group
    ADD CONSTRAINT auth_group_name_key UNIQUE (name);


--
-- Name: auth_group_permissions auth_group_permissions_group_id_permission_id_0cd325b0_uniq; Type: CONSTRAINT; Schema: public; Owner: jai_user
--

ALTER TABLE ONLY public.auth_group_permissions
    ADD CONSTRAINT auth_group_permissions_group_id_permission_id_0cd325b0_uniq UNIQUE (group_id, permission_id);


--
-- Name: auth_group_permissions auth_group_permissions_pkey; Type: CONSTRAINT; Schema: public; Owner: jai_user
--

ALTER TABLE ONLY public.auth_group_permissions
    ADD CONSTRAINT auth_group_permissions_pkey PRIMARY KEY (id);


--
-- Name: auth_group auth_group_pkey; Type: CONSTRAINT; Schema: public; Owner: jai_user
--

ALTER TABLE ONLY public.auth_group
    ADD CONSTRAINT auth_group_pkey PRIMARY KEY (id);


--
-- Name: auth_permission auth_permission_content_type_id_codename_01ab375a_uniq; Type: CONSTRAINT; Schema: public; Owner: jai_user
--

ALTER TABLE ONLY public.auth_permission
    ADD CONSTRAINT auth_permission_content_type_id_codename_01ab375a_uniq UNIQUE (content_type_id, codename);


--
-- Name: auth_permission auth_permission_pkey; Type: CONSTRAINT; Schema: public; Owner: jai_user
--

ALTER TABLE ONLY public.auth_permission
    ADD CONSTRAINT auth_permission_pkey PRIMARY KEY (id);


--
-- Name: blog_adjunto blog_adjunto_id_05bcb9d8_pk; Type: CONSTRAINT; Schema: public; Owner: jai_user
--

ALTER TABLE ONLY public.blog_adjunto
    ADD CONSTRAINT blog_adjunto_id_05bcb9d8_pk PRIMARY KEY (id);


--
-- Name: blog_articulo blog_articulo_id_0739b054_pk; Type: CONSTRAINT; Schema: public; Owner: jai_user
--

ALTER TABLE ONLY public.blog_articulo
    ADD CONSTRAINT blog_articulo_id_0739b054_pk PRIMARY KEY (id);


--
-- Name: blog_articulo blog_articulo_slug_key; Type: CONSTRAINT; Schema: public; Owner: jai_user
--

ALTER TABLE ONLY public.blog_articulo
    ADD CONSTRAINT blog_articulo_slug_key UNIQUE (slug);


--
-- Name: blog_articulocategoria blog_articulocategoria_articulo_id_categoria_id_68848e12_uniq; Type: CONSTRAINT; Schema: public; Owner: jai_user
--

ALTER TABLE ONLY public.blog_articulocategoria
    ADD CONSTRAINT blog_articulocategoria_articulo_id_categoria_id_68848e12_uniq UNIQUE (articulo_id, categoria_id);


--
-- Name: blog_articulocategoria blog_articulocategoria_id_d6240274_pk; Type: CONSTRAINT; Schema: public; Owner: jai_user
--

ALTER TABLE ONLY public.blog_articulocategoria
    ADD CONSTRAINT blog_articulocategoria_id_d6240274_pk PRIMARY KEY (id);


--
-- Name: blog_articuloetiqueta blog_articuloetiqueta_articulo_id_etiqueta_id_5ba7792d_uniq; Type: CONSTRAINT; Schema: public; Owner: jai_user
--

ALTER TABLE ONLY public.blog_articuloetiqueta
    ADD CONSTRAINT blog_articuloetiqueta_articulo_id_etiqueta_id_5ba7792d_uniq UNIQUE (articulo_id, etiqueta_id);


--
-- Name: blog_articuloetiqueta blog_articuloetiqueta_id_6775c0f7_pk; Type: CONSTRAINT; Schema: public; Owner: jai_user
--

ALTER TABLE ONLY public.blog_articuloetiqueta
    ADD CONSTRAINT blog_articuloetiqueta_id_6775c0f7_pk PRIMARY KEY (id);


--
-- Name: blog_articulorelacionado blog_articulorelacionado_articulo_origen_id_artic_c613ca12_uniq; Type: CONSTRAINT; Schema: public; Owner: jai_user
--

ALTER TABLE ONLY public.blog_articulorelacionado
    ADD CONSTRAINT blog_articulorelacionado_articulo_origen_id_artic_c613ca12_uniq UNIQUE (articulo_origen_id, articulo_destino_id);


--
-- Name: blog_articulorelacionado blog_articulorelacionado_id_eb08632a_pk; Type: CONSTRAINT; Schema: public; Owner: jai_user
--

ALTER TABLE ONLY public.blog_articulorelacionado
    ADD CONSTRAINT blog_articulorelacionado_id_eb08632a_pk PRIMARY KEY (id);


--
-- Name: blog_categoria blog_categoria_id_b861487a_pk; Type: CONSTRAINT; Schema: public; Owner: jai_user
--

ALTER TABLE ONLY public.blog_categoria
    ADD CONSTRAINT blog_categoria_id_b861487a_pk PRIMARY KEY (id);


--
-- Name: blog_categoria blog_categoria_slug_key; Type: CONSTRAINT; Schema: public; Owner: jai_user
--

ALTER TABLE ONLY public.blog_categoria
    ADD CONSTRAINT blog_categoria_slug_key UNIQUE (slug);


--
-- Name: blog_comentario blog_comentario_id_a3ea1cdb_pk; Type: CONSTRAINT; Schema: public; Owner: jai_user
--

ALTER TABLE ONLY public.blog_comentario
    ADD CONSTRAINT blog_comentario_id_a3ea1cdb_pk PRIMARY KEY (id);


--
-- Name: blog_etiqueta blog_etiqueta_id_8a6fe21f_pk; Type: CONSTRAINT; Schema: public; Owner: jai_user
--

ALTER TABLE ONLY public.blog_etiqueta
    ADD CONSTRAINT blog_etiqueta_id_8a6fe21f_pk PRIMARY KEY (id);


--
-- Name: blog_etiqueta blog_etiqueta_slug_key; Type: CONSTRAINT; Schema: public; Owner: jai_user
--

ALTER TABLE ONLY public.blog_etiqueta
    ADD CONSTRAINT blog_etiqueta_slug_key UNIQUE (slug);


--
-- Name: blog_historiallectura blog_historiallectura_id_a6d2ef63_pk; Type: CONSTRAINT; Schema: public; Owner: jai_user
--

ALTER TABLE ONLY public.blog_historiallectura
    ADD CONSTRAINT blog_historiallectura_id_a6d2ef63_pk PRIMARY KEY (id);


--
-- Name: blog_historiallectura blog_historiallectura_usuario_id_articulo_id_f_95d51d45_uniq; Type: CONSTRAINT; Schema: public; Owner: jai_user
--

ALTER TABLE ONLY public.blog_historiallectura
    ADD CONSTRAINT blog_historiallectura_usuario_id_articulo_id_f_95d51d45_uniq UNIQUE (usuario_id, articulo_id, fecha_acceso);


--
-- Name: blog_metadatoseo blog_metadatoseo_articulo_id_key; Type: CONSTRAINT; Schema: public; Owner: jai_user
--

ALTER TABLE ONLY public.blog_metadatoseo
    ADD CONSTRAINT blog_metadatoseo_articulo_id_key UNIQUE (articulo_id);


--
-- Name: blog_metadatoseo blog_metadatoseo_id_a2cc1dd8_pk; Type: CONSTRAINT; Schema: public; Owner: jai_user
--

ALTER TABLE ONLY public.blog_metadatoseo
    ADD CONSTRAINT blog_metadatoseo_id_a2cc1dd8_pk PRIMARY KEY (id);


--
-- Name: blog_newsletter blog_newsletter_email_key; Type: CONSTRAINT; Schema: public; Owner: jai_user
--

ALTER TABLE ONLY public.blog_newsletter
    ADD CONSTRAINT blog_newsletter_email_key UNIQUE (email);


--
-- Name: blog_newsletter blog_newsletter_id_72e67f87_pk; Type: CONSTRAINT; Schema: public; Owner: jai_user
--

ALTER TABLE ONLY public.blog_newsletter
    ADD CONSTRAINT blog_newsletter_id_72e67f87_pk PRIMARY KEY (id);


--
-- Name: blog_versionarticulo blog_versionarticulo_id_7fa5a77e_pk; Type: CONSTRAINT; Schema: public; Owner: jai_user
--

ALTER TABLE ONLY public.blog_versionarticulo
    ADD CONSTRAINT blog_versionarticulo_id_7fa5a77e_pk PRIMARY KEY (id);


--
-- Name: blog_votoarticulo blog_votoarticulo_id_c6d364fe_pk; Type: CONSTRAINT; Schema: public; Owner: jai_user
--

ALTER TABLE ONLY public.blog_votoarticulo
    ADD CONSTRAINT blog_votoarticulo_id_c6d364fe_pk PRIMARY KEY (id);


--
-- Name: blog_votoarticulo blog_votoarticulo_usuario_id_articulo_id_677c8d16_uniq; Type: CONSTRAINT; Schema: public; Owner: jai_user
--

ALTER TABLE ONLY public.blog_votoarticulo
    ADD CONSTRAINT blog_votoarticulo_usuario_id_articulo_id_677c8d16_uniq UNIQUE (usuario_id, articulo_id);


--
-- Name: django_admin_log django_admin_log_pkey; Type: CONSTRAINT; Schema: public; Owner: jai_user
--

ALTER TABLE ONLY public.django_admin_log
    ADD CONSTRAINT django_admin_log_pkey PRIMARY KEY (id);


--
-- Name: django_content_type django_content_type_app_label_model_76bd3d3b_uniq; Type: CONSTRAINT; Schema: public; Owner: jai_user
--

ALTER TABLE ONLY public.django_content_type
    ADD CONSTRAINT django_content_type_app_label_model_76bd3d3b_uniq UNIQUE (app_label, model);


--
-- Name: django_content_type django_content_type_pkey; Type: CONSTRAINT; Schema: public; Owner: jai_user
--

ALTER TABLE ONLY public.django_content_type
    ADD CONSTRAINT django_content_type_pkey PRIMARY KEY (id);


--
-- Name: django_migrations django_migrations_pkey; Type: CONSTRAINT; Schema: public; Owner: jai_user
--

ALTER TABLE ONLY public.django_migrations
    ADD CONSTRAINT django_migrations_pkey PRIMARY KEY (id);


--
-- Name: django_session django_session_pkey; Type: CONSTRAINT; Schema: public; Owner: jai_user
--

ALTER TABLE ONLY public.django_session
    ADD CONSTRAINT django_session_pkey PRIMARY KEY (session_key);


--
-- Name: users_contactform users_contactform_pkey; Type: CONSTRAINT; Schema: public; Owner: jai_user
--

ALTER TABLE ONLY public.users_contactform
    ADD CONSTRAINT users_contactform_pkey PRIMARY KEY (id);


--
-- Name: users_permiso users_permiso_codigo_key; Type: CONSTRAINT; Schema: public; Owner: jai_user
--

ALTER TABLE ONLY public.users_permiso
    ADD CONSTRAINT users_permiso_codigo_key UNIQUE (codigo);


--
-- Name: users_permiso users_permiso_pkey; Type: CONSTRAINT; Schema: public; Owner: jai_user
--

ALTER TABLE ONLY public.users_permiso
    ADD CONSTRAINT users_permiso_pkey PRIMARY KEY (id);


--
-- Name: users_rol users_rol_nombre_key; Type: CONSTRAINT; Schema: public; Owner: jai_user
--

ALTER TABLE ONLY public.users_rol
    ADD CONSTRAINT users_rol_nombre_key UNIQUE (nombre);


--
-- Name: users_rol users_rol_pkey; Type: CONSTRAINT; Schema: public; Owner: jai_user
--

ALTER TABLE ONLY public.users_rol
    ADD CONSTRAINT users_rol_pkey PRIMARY KEY (id);


--
-- Name: users_rolpermiso users_rolpermiso_pkey; Type: CONSTRAINT; Schema: public; Owner: jai_user
--

ALTER TABLE ONLY public.users_rolpermiso
    ADD CONSTRAINT users_rolpermiso_pkey PRIMARY KEY (id);


--
-- Name: users_rolpermiso users_rolpermiso_rol_id_permiso_id_fb816590_uniq; Type: CONSTRAINT; Schema: public; Owner: jai_user
--

ALTER TABLE ONLY public.users_rolpermiso
    ADD CONSTRAINT users_rolpermiso_rol_id_permiso_id_fb816590_uniq UNIQUE (rol_id, permiso_id);


--
-- Name: users_user_groups users_user_groups_pkey; Type: CONSTRAINT; Schema: public; Owner: jai_user
--

ALTER TABLE ONLY public.users_user_groups
    ADD CONSTRAINT users_user_groups_pkey PRIMARY KEY (id);


--
-- Name: users_user_groups users_user_groups_user_id_group_id_b88eab82_uniq; Type: CONSTRAINT; Schema: public; Owner: jai_user
--

ALTER TABLE ONLY public.users_user_groups
    ADD CONSTRAINT users_user_groups_user_id_group_id_b88eab82_uniq UNIQUE (user_id, group_id);


--
-- Name: users_user users_user_pkey; Type: CONSTRAINT; Schema: public; Owner: jai_user
--

ALTER TABLE ONLY public.users_user
    ADD CONSTRAINT users_user_pkey PRIMARY KEY (id);


--
-- Name: users_user_user_permissions users_user_user_permissions_pkey; Type: CONSTRAINT; Schema: public; Owner: jai_user
--

ALTER TABLE ONLY public.users_user_user_permissions
    ADD CONSTRAINT users_user_user_permissions_pkey PRIMARY KEY (id);


--
-- Name: users_user_user_permissions users_user_user_permissions_user_id_permission_id_43338c45_uniq; Type: CONSTRAINT; Schema: public; Owner: jai_user
--

ALTER TABLE ONLY public.users_user_user_permissions
    ADD CONSTRAINT users_user_user_permissions_user_id_permission_id_43338c45_uniq UNIQUE (user_id, permission_id);


--
-- Name: users_user users_user_username_key; Type: CONSTRAINT; Schema: public; Owner: jai_user
--

ALTER TABLE ONLY public.users_user
    ADD CONSTRAINT users_user_username_key UNIQUE (username);


--
-- Name: users_usuariorol users_usuariorol_pkey; Type: CONSTRAINT; Schema: public; Owner: jai_user
--

ALTER TABLE ONLY public.users_usuariorol
    ADD CONSTRAINT users_usuariorol_pkey PRIMARY KEY (id);


--
-- Name: users_usuariorol users_usuariorol_usuario_id_rol_id_49e0e5ad_uniq; Type: CONSTRAINT; Schema: public; Owner: jai_user
--

ALTER TABLE ONLY public.users_usuariorol
    ADD CONSTRAINT users_usuariorol_usuario_id_rol_id_49e0e5ad_uniq UNIQUE (usuario_id, rol_id);


--
-- Name: users_whatsapprequest users_whatsapprequest_pkey; Type: CONSTRAINT; Schema: public; Owner: jai_user
--

ALTER TABLE ONLY public.users_whatsapprequest
    ADD CONSTRAINT users_whatsapprequest_pkey PRIMARY KEY (id);


--
-- Name: auth_group_name_a6ea08ec_like; Type: INDEX; Schema: public; Owner: jai_user
--

CREATE INDEX auth_group_name_a6ea08ec_like ON public.auth_group USING btree (name varchar_pattern_ops);


--
-- Name: auth_group_permissions_group_id_b120cbf9; Type: INDEX; Schema: public; Owner: jai_user
--

CREATE INDEX auth_group_permissions_group_id_b120cbf9 ON public.auth_group_permissions USING btree (group_id);


--
-- Name: auth_group_permissions_permission_id_84c5c92e; Type: INDEX; Schema: public; Owner: jai_user
--

CREATE INDEX auth_group_permissions_permission_id_84c5c92e ON public.auth_group_permissions USING btree (permission_id);


--
-- Name: auth_permission_content_type_id_2f476e4b; Type: INDEX; Schema: public; Owner: jai_user
--

CREATE INDEX auth_permission_content_type_id_2f476e4b ON public.auth_permission USING btree (content_type_id);


--
-- Name: blog_adjunto_articulo_id_f3850819; Type: INDEX; Schema: public; Owner: jai_user
--

CREATE INDEX blog_adjunto_articulo_id_f3850819 ON public.blog_adjunto USING btree (articulo_id);


--
-- Name: blog_articulo_autor_id_bb4a651d; Type: INDEX; Schema: public; Owner: jai_user
--

CREATE INDEX blog_articulo_autor_id_bb4a651d ON public.blog_articulo USING btree (autor_id);


--
-- Name: blog_articulo_slug_2e8cdc7b_like; Type: INDEX; Schema: public; Owner: jai_user
--

CREATE INDEX blog_articulo_slug_2e8cdc7b_like ON public.blog_articulo USING btree (slug varchar_pattern_ops);


--
-- Name: blog_articulocategoria_articulo_id_fd562dc2; Type: INDEX; Schema: public; Owner: jai_user
--

CREATE INDEX blog_articulocategoria_articulo_id_fd562dc2 ON public.blog_articulocategoria USING btree (articulo_id);


--
-- Name: blog_articulocategoria_categoria_id_79093feb; Type: INDEX; Schema: public; Owner: jai_user
--

CREATE INDEX blog_articulocategoria_categoria_id_79093feb ON public.blog_articulocategoria USING btree (categoria_id);


--
-- Name: blog_articuloetiqueta_articulo_id_f3633e49; Type: INDEX; Schema: public; Owner: jai_user
--

CREATE INDEX blog_articuloetiqueta_articulo_id_f3633e49 ON public.blog_articuloetiqueta USING btree (articulo_id);


--
-- Name: blog_articuloetiqueta_etiqueta_id_43a3135a; Type: INDEX; Schema: public; Owner: jai_user
--

CREATE INDEX blog_articuloetiqueta_etiqueta_id_43a3135a ON public.blog_articuloetiqueta USING btree (etiqueta_id);


--
-- Name: blog_articulorelacionado_articulo_destino_id_4630729d; Type: INDEX; Schema: public; Owner: jai_user
--

CREATE INDEX blog_articulorelacionado_articulo_destino_id_4630729d ON public.blog_articulorelacionado USING btree (articulo_destino_id);


--
-- Name: blog_articulorelacionado_articulo_origen_id_b5f967f5; Type: INDEX; Schema: public; Owner: jai_user
--

CREATE INDEX blog_articulorelacionado_articulo_origen_id_b5f967f5 ON public.blog_articulorelacionado USING btree (articulo_origen_id);


--
-- Name: blog_categoria_parent_id_2cc5a4c9; Type: INDEX; Schema: public; Owner: jai_user
--

CREATE INDEX blog_categoria_parent_id_2cc5a4c9 ON public.blog_categoria USING btree (parent_id);


--
-- Name: blog_categoria_slug_cb3f0fd2_like; Type: INDEX; Schema: public; Owner: jai_user
--

CREATE INDEX blog_categoria_slug_cb3f0fd2_like ON public.blog_categoria USING btree (slug varchar_pattern_ops);


--
-- Name: blog_comentario_articulo_id_e8382bb5; Type: INDEX; Schema: public; Owner: jai_user
--

CREATE INDEX blog_comentario_articulo_id_e8382bb5 ON public.blog_comentario USING btree (articulo_id);


--
-- Name: blog_comentario_parent_id_047a3ac5; Type: INDEX; Schema: public; Owner: jai_user
--

CREATE INDEX blog_comentario_parent_id_047a3ac5 ON public.blog_comentario USING btree (parent_id);


--
-- Name: blog_comentario_usuario_id_0bbf83e9; Type: INDEX; Schema: public; Owner: jai_user
--

CREATE INDEX blog_comentario_usuario_id_0bbf83e9 ON public.blog_comentario USING btree (usuario_id);


--
-- Name: blog_etiqueta_slug_397a8600_like; Type: INDEX; Schema: public; Owner: jai_user
--

CREATE INDEX blog_etiqueta_slug_397a8600_like ON public.blog_etiqueta USING btree (slug varchar_pattern_ops);


--
-- Name: blog_historiallectura_articulo_id_96e55632; Type: INDEX; Schema: public; Owner: jai_user
--

CREATE INDEX blog_historiallectura_articulo_id_96e55632 ON public.blog_historiallectura USING btree (articulo_id);


--
-- Name: blog_historiallectura_usuario_id_55d851be; Type: INDEX; Schema: public; Owner: jai_user
--

CREATE INDEX blog_historiallectura_usuario_id_55d851be ON public.blog_historiallectura USING btree (usuario_id);


--
-- Name: blog_newsletter_email_0f13ccb2_like; Type: INDEX; Schema: public; Owner: jai_user
--

CREATE INDEX blog_newsletter_email_0f13ccb2_like ON public.blog_newsletter USING btree (email varchar_pattern_ops);


--
-- Name: blog_versionarticulo_articulo_id_5cb142fc; Type: INDEX; Schema: public; Owner: jai_user
--

CREATE INDEX blog_versionarticulo_articulo_id_5cb142fc ON public.blog_versionarticulo USING btree (articulo_id);


--
-- Name: blog_versionarticulo_usuario_id_4d4c5ee0; Type: INDEX; Schema: public; Owner: jai_user
--

CREATE INDEX blog_versionarticulo_usuario_id_4d4c5ee0 ON public.blog_versionarticulo USING btree (usuario_id);


--
-- Name: blog_votoarticulo_articulo_id_89468beb; Type: INDEX; Schema: public; Owner: jai_user
--

CREATE INDEX blog_votoarticulo_articulo_id_89468beb ON public.blog_votoarticulo USING btree (articulo_id);


--
-- Name: blog_votoarticulo_usuario_id_30976072; Type: INDEX; Schema: public; Owner: jai_user
--

CREATE INDEX blog_votoarticulo_usuario_id_30976072 ON public.blog_votoarticulo USING btree (usuario_id);


--
-- Name: django_admin_log_content_type_id_c4bce8eb; Type: INDEX; Schema: public; Owner: jai_user
--

CREATE INDEX django_admin_log_content_type_id_c4bce8eb ON public.django_admin_log USING btree (content_type_id);


--
-- Name: django_admin_log_user_id_c564eba6; Type: INDEX; Schema: public; Owner: jai_user
--

CREATE INDEX django_admin_log_user_id_c564eba6 ON public.django_admin_log USING btree (user_id);


--
-- Name: django_session_expire_date_a5c62663; Type: INDEX; Schema: public; Owner: jai_user
--

CREATE INDEX django_session_expire_date_a5c62663 ON public.django_session USING btree (expire_date);


--
-- Name: django_session_session_key_c0390e0f_like; Type: INDEX; Schema: public; Owner: jai_user
--

CREATE INDEX django_session_session_key_c0390e0f_like ON public.django_session USING btree (session_key varchar_pattern_ops);


--
-- Name: users_permiso_codigo_7a083375_like; Type: INDEX; Schema: public; Owner: jai_user
--

CREATE INDEX users_permiso_codigo_7a083375_like ON public.users_permiso USING btree (codigo varchar_pattern_ops);


--
-- Name: users_rol_nombre_ab9c2935_like; Type: INDEX; Schema: public; Owner: jai_user
--

CREATE INDEX users_rol_nombre_ab9c2935_like ON public.users_rol USING btree (nombre varchar_pattern_ops);


--
-- Name: users_rolpermiso_permiso_id_75522150; Type: INDEX; Schema: public; Owner: jai_user
--

CREATE INDEX users_rolpermiso_permiso_id_75522150 ON public.users_rolpermiso USING btree (permiso_id);


--
-- Name: users_rolpermiso_rol_id_0abe7f76; Type: INDEX; Schema: public; Owner: jai_user
--

CREATE INDEX users_rolpermiso_rol_id_0abe7f76 ON public.users_rolpermiso USING btree (rol_id);


--
-- Name: users_user_groups_group_id_9afc8d0e; Type: INDEX; Schema: public; Owner: jai_user
--

CREATE INDEX users_user_groups_group_id_9afc8d0e ON public.users_user_groups USING btree (group_id);


--
-- Name: users_user_groups_user_id_5f6f5a90; Type: INDEX; Schema: public; Owner: jai_user
--

CREATE INDEX users_user_groups_user_id_5f6f5a90 ON public.users_user_groups USING btree (user_id);


--
-- Name: users_user_user_permissions_permission_id_0b93982e; Type: INDEX; Schema: public; Owner: jai_user
--

CREATE INDEX users_user_user_permissions_permission_id_0b93982e ON public.users_user_user_permissions USING btree (permission_id);


--
-- Name: users_user_user_permissions_user_id_20aca447; Type: INDEX; Schema: public; Owner: jai_user
--

CREATE INDEX users_user_user_permissions_user_id_20aca447 ON public.users_user_user_permissions USING btree (user_id);


--
-- Name: users_user_username_06e46fe6_like; Type: INDEX; Schema: public; Owner: jai_user
--

CREATE INDEX users_user_username_06e46fe6_like ON public.users_user USING btree (username varchar_pattern_ops);


--
-- Name: users_usuariorol_rol_id_c7570d7e; Type: INDEX; Schema: public; Owner: jai_user
--

CREATE INDEX users_usuariorol_rol_id_c7570d7e ON public.users_usuariorol USING btree (rol_id);


--
-- Name: users_usuariorol_usuario_id_bc8607dd; Type: INDEX; Schema: public; Owner: jai_user
--

CREATE INDEX users_usuariorol_usuario_id_bc8607dd ON public.users_usuariorol USING btree (usuario_id);


--
-- Name: auth_group_permissions auth_group_permissio_permission_id_84c5c92e_fk_auth_perm; Type: FK CONSTRAINT; Schema: public; Owner: jai_user
--

ALTER TABLE ONLY public.auth_group_permissions
    ADD CONSTRAINT auth_group_permissio_permission_id_84c5c92e_fk_auth_perm FOREIGN KEY (permission_id) REFERENCES public.auth_permission(id) DEFERRABLE INITIALLY DEFERRED;


--
-- Name: auth_group_permissions auth_group_permissions_group_id_b120cbf9_fk_auth_group_id; Type: FK CONSTRAINT; Schema: public; Owner: jai_user
--

ALTER TABLE ONLY public.auth_group_permissions
    ADD CONSTRAINT auth_group_permissions_group_id_b120cbf9_fk_auth_group_id FOREIGN KEY (group_id) REFERENCES public.auth_group(id) DEFERRABLE INITIALLY DEFERRED;


--
-- Name: auth_permission auth_permission_content_type_id_2f476e4b_fk_django_co; Type: FK CONSTRAINT; Schema: public; Owner: jai_user
--

ALTER TABLE ONLY public.auth_permission
    ADD CONSTRAINT auth_permission_content_type_id_2f476e4b_fk_django_co FOREIGN KEY (content_type_id) REFERENCES public.django_content_type(id) DEFERRABLE INITIALLY DEFERRED;


--
-- Name: blog_articulo blog_articulo_autor_id_bb4a651d_fk_users_user_id; Type: FK CONSTRAINT; Schema: public; Owner: jai_user
--

ALTER TABLE ONLY public.blog_articulo
    ADD CONSTRAINT blog_articulo_autor_id_bb4a651d_fk_users_user_id FOREIGN KEY (autor_id) REFERENCES public.users_user(id) DEFERRABLE INITIALLY DEFERRED;


--
-- Name: blog_comentario blog_comentario_usuario_id_0bbf83e9_fk_users_user_id; Type: FK CONSTRAINT; Schema: public; Owner: jai_user
--

ALTER TABLE ONLY public.blog_comentario
    ADD CONSTRAINT blog_comentario_usuario_id_0bbf83e9_fk_users_user_id FOREIGN KEY (usuario_id) REFERENCES public.users_user(id) DEFERRABLE INITIALLY DEFERRED;


--
-- Name: blog_historiallectura blog_historiallectura_usuario_id_55d851be_fk_users_user_id; Type: FK CONSTRAINT; Schema: public; Owner: jai_user
--

ALTER TABLE ONLY public.blog_historiallectura
    ADD CONSTRAINT blog_historiallectura_usuario_id_55d851be_fk_users_user_id FOREIGN KEY (usuario_id) REFERENCES public.users_user(id) DEFERRABLE INITIALLY DEFERRED;


--
-- Name: blog_versionarticulo blog_versionarticulo_usuario_id_4d4c5ee0_fk_users_user_id; Type: FK CONSTRAINT; Schema: public; Owner: jai_user
--

ALTER TABLE ONLY public.blog_versionarticulo
    ADD CONSTRAINT blog_versionarticulo_usuario_id_4d4c5ee0_fk_users_user_id FOREIGN KEY (usuario_id) REFERENCES public.users_user(id) DEFERRABLE INITIALLY DEFERRED;


--
-- Name: blog_votoarticulo blog_votoarticulo_usuario_id_30976072_fk_users_user_id; Type: FK CONSTRAINT; Schema: public; Owner: jai_user
--

ALTER TABLE ONLY public.blog_votoarticulo
    ADD CONSTRAINT blog_votoarticulo_usuario_id_30976072_fk_users_user_id FOREIGN KEY (usuario_id) REFERENCES public.users_user(id) DEFERRABLE INITIALLY DEFERRED;


--
-- Name: django_admin_log django_admin_log_content_type_id_c4bce8eb_fk_django_co; Type: FK CONSTRAINT; Schema: public; Owner: jai_user
--

ALTER TABLE ONLY public.django_admin_log
    ADD CONSTRAINT django_admin_log_content_type_id_c4bce8eb_fk_django_co FOREIGN KEY (content_type_id) REFERENCES public.django_content_type(id) DEFERRABLE INITIALLY DEFERRED;


--
-- Name: django_admin_log django_admin_log_user_id_c564eba6_fk_users_user_id; Type: FK CONSTRAINT; Schema: public; Owner: jai_user
--

ALTER TABLE ONLY public.django_admin_log
    ADD CONSTRAINT django_admin_log_user_id_c564eba6_fk_users_user_id FOREIGN KEY (user_id) REFERENCES public.users_user(id) DEFERRABLE INITIALLY DEFERRED;


--
-- Name: users_rolpermiso users_rolpermiso_permiso_id_75522150_fk_users_permiso_id; Type: FK CONSTRAINT; Schema: public; Owner: jai_user
--

ALTER TABLE ONLY public.users_rolpermiso
    ADD CONSTRAINT users_rolpermiso_permiso_id_75522150_fk_users_permiso_id FOREIGN KEY (permiso_id) REFERENCES public.users_permiso(id) DEFERRABLE INITIALLY DEFERRED;


--
-- Name: users_rolpermiso users_rolpermiso_rol_id_0abe7f76_fk_users_rol_id; Type: FK CONSTRAINT; Schema: public; Owner: jai_user
--

ALTER TABLE ONLY public.users_rolpermiso
    ADD CONSTRAINT users_rolpermiso_rol_id_0abe7f76_fk_users_rol_id FOREIGN KEY (rol_id) REFERENCES public.users_rol(id) DEFERRABLE INITIALLY DEFERRED;


--
-- Name: users_user_groups users_user_groups_group_id_9afc8d0e_fk_auth_group_id; Type: FK CONSTRAINT; Schema: public; Owner: jai_user
--

ALTER TABLE ONLY public.users_user_groups
    ADD CONSTRAINT users_user_groups_group_id_9afc8d0e_fk_auth_group_id FOREIGN KEY (group_id) REFERENCES public.auth_group(id) DEFERRABLE INITIALLY DEFERRED;


--
-- Name: users_user_groups users_user_groups_user_id_5f6f5a90_fk_users_user_id; Type: FK CONSTRAINT; Schema: public; Owner: jai_user
--

ALTER TABLE ONLY public.users_user_groups
    ADD CONSTRAINT users_user_groups_user_id_5f6f5a90_fk_users_user_id FOREIGN KEY (user_id) REFERENCES public.users_user(id) DEFERRABLE INITIALLY DEFERRED;


--
-- Name: users_user_user_permissions users_user_user_perm_permission_id_0b93982e_fk_auth_perm; Type: FK CONSTRAINT; Schema: public; Owner: jai_user
--

ALTER TABLE ONLY public.users_user_user_permissions
    ADD CONSTRAINT users_user_user_perm_permission_id_0b93982e_fk_auth_perm FOREIGN KEY (permission_id) REFERENCES public.auth_permission(id) DEFERRABLE INITIALLY DEFERRED;


--
-- Name: users_user_user_permissions users_user_user_permissions_user_id_20aca447_fk_users_user_id; Type: FK CONSTRAINT; Schema: public; Owner: jai_user
--

ALTER TABLE ONLY public.users_user_user_permissions
    ADD CONSTRAINT users_user_user_permissions_user_id_20aca447_fk_users_user_id FOREIGN KEY (user_id) REFERENCES public.users_user(id) DEFERRABLE INITIALLY DEFERRED;


--
-- Name: users_usuariorol users_usuariorol_rol_id_c7570d7e_fk_users_rol_id; Type: FK CONSTRAINT; Schema: public; Owner: jai_user
--

ALTER TABLE ONLY public.users_usuariorol
    ADD CONSTRAINT users_usuariorol_rol_id_c7570d7e_fk_users_rol_id FOREIGN KEY (rol_id) REFERENCES public.users_rol(id) DEFERRABLE INITIALLY DEFERRED;


--
-- Name: users_usuariorol users_usuariorol_usuario_id_bc8607dd_fk_users_user_id; Type: FK CONSTRAINT; Schema: public; Owner: jai_user
--

ALTER TABLE ONLY public.users_usuariorol
    ADD CONSTRAINT users_usuariorol_usuario_id_bc8607dd_fk_users_user_id FOREIGN KEY (usuario_id) REFERENCES public.users_user(id) DEFERRABLE INITIALLY DEFERRED;


--
-- PostgreSQL database dump complete
--

